-- phpMyAdmin SQL Dump
-- version 4.6.6
-- https://www.phpmyadmin.net/
--
-- Host: localhost:3306
-- Czas generowania: 06 Gru 2017, 21:37
-- Wersja serwera: 5.7.20-0ubuntu0.16.04.1
-- Wersja PHP: 5.6.30

SET SQL_MODE = "NO_AUTO_VALUE_ON_ZERO";
SET time_zone = "+00:00";


/*!40101 SET @OLD_CHARACTER_SET_CLIENT=@@CHARACTER_SET_CLIENT */;
/*!40101 SET @OLD_CHARACTER_SET_RESULTS=@@CHARACTER_SET_RESULTS */;
/*!40101 SET @OLD_COLLATION_CONNECTION=@@COLLATION_CONNECTION */;
/*!40101 SET NAMES utf8mb4 */;

--
-- Baza danych: `ask4me`
--

-- --------------------------------------------------------

--
-- Struktura tabeli dla tabeli `blogs`
--

CREATE TABLE `blogs` (
  `id` int(11) NOT NULL,
  `user_id` int(11) NOT NULL,
  `title` text NOT NULL,
  `content` text NOT NULL,
  `photo_id` int(11) NOT NULL,
  `date_updated` datetime NOT NULL,
  `date_created` date NOT NULL
) ENGINE=InnoDB DEFAULT CHARSET=utf8;

-- --------------------------------------------------------

--
-- Struktura tabeli dla tabeli `categories`
--

CREATE TABLE `categories` (
  `id` int(11) NOT NULL,
  `date_created` datetime NOT NULL,
  `date_updated` datetime NOT NULL
) ENGINE=InnoDB DEFAULT CHARSET=utf8;

--
-- Zrzut danych tabeli `categories`
--

INSERT INTO `categories` (`id`, `date_created`, `date_updated`) VALUES
(1, '2017-08-10 11:42:09', '2017-08-10 11:42:09'),
(2, '2017-08-10 11:42:18', '2017-08-10 11:42:18'),
(3, '2017-08-10 11:42:30', '2017-08-10 11:59:58'),
(4, '2017-08-10 11:42:38', '2017-08-10 11:59:45'),
(5, '2017-08-10 11:42:46', '2017-08-10 11:59:36'),
(6, '2017-08-10 11:42:54', '2017-08-10 11:59:30'),
(7, '2017-08-10 11:43:01', '2017-08-10 11:59:20'),
(8, '2017-08-10 11:43:09', '2017-08-10 11:59:13'),
(9, '2017-08-10 11:43:16', '2017-08-10 12:00:08'),
(10, '2017-08-10 11:43:22', '2017-08-10 12:00:16'),
(11, '2017-08-10 11:43:30', '2017-08-10 12:02:30'),
(12, '2017-08-10 11:43:36', '2017-08-10 11:43:36'),
(13, '2017-08-10 11:43:43', '2017-08-10 12:02:39'),
(14, '2017-08-10 11:43:50', '2017-08-10 12:02:44'),
(15, '2017-08-10 11:43:57', '2017-08-10 11:43:57'),
(16, '2017-08-10 11:44:06', '2017-08-10 12:03:04'),
(17, '2017-08-10 11:44:13', '2017-08-10 12:03:09'),
(18, '2017-08-10 11:44:20', '2017-08-10 11:44:20'),
(19, '2017-08-10 11:44:27', '2017-08-10 12:03:42'),
(20, '2017-08-10 11:44:34', '2017-08-10 14:42:26'),
(21, '2017-08-10 11:44:41', '2017-08-10 12:05:39'),
(22, '2017-08-10 11:44:51', '2017-08-10 12:05:53'),
(23, '2017-08-10 11:44:57', '2017-08-10 12:06:00'),
(24, '2017-08-10 11:45:04', '2017-08-10 12:06:05'),
(25, '2017-08-10 11:45:11', '2017-08-10 12:06:11'),
(26, '2017-08-10 11:45:17', '2017-08-10 12:06:17'),
(27, '2017-08-10 11:45:25', '2017-08-10 12:06:23'),
(28, '2017-08-10 11:45:31', '2017-08-10 12:06:30'),
(29, '2017-08-10 11:45:39', '2017-08-10 12:06:54'),
(30, '2017-08-10 11:45:46', '2017-08-10 12:07:00'),
(31, '2017-08-10 11:45:52', '2017-08-10 12:07:49'),
(32, '2017-08-10 11:45:59', '2017-08-10 12:07:30');

-- --------------------------------------------------------

--
-- Struktura tabeli dla tabeli `categories_info`
--

CREATE TABLE `categories_info` (
  `id` int(11) NOT NULL,
  `language_code` varchar(2) NOT NULL,
  `category_id` int(11) NOT NULL,
  `name` text NOT NULL,
  `date_created` datetime NOT NULL,
  `date_updated` datetime NOT NULL
) ENGINE=InnoDB DEFAULT CHARSET=utf8;

--
-- Zrzut danych tabeli `categories_info`
--

INSERT INTO `categories_info` (`id`, `language_code`, `category_id`, `name`, `date_created`, `date_updated`) VALUES
(1, 'pl', 1, 'Anal', '2017-08-10 11:42:09', '2017-08-10 11:42:09'),
(2, 'en', 1, 'Anal', '2017-08-10 11:42:09', '2017-08-10 11:42:09'),
(3, 'pl', 2, 'Babes', '2017-08-10 11:42:18', '2017-08-10 11:42:18'),
(4, 'en', 2, 'Babes', '2017-08-10 11:42:18', '2017-08-10 11:42:18'),
(5, 'pl', 3, 'Małe piersi', '2017-08-10 11:42:30', '2017-08-10 11:59:58'),
(6, 'en', 3, 'Small tits', '2017-08-10 11:42:30', '2017-08-10 11:59:58'),
(7, 'pl', 4, 'Wielkie piersi', '2017-08-10 11:42:38', '2017-08-10 11:59:46'),
(8, 'en', 4, 'Big tits', '2017-08-10 11:42:38', '2017-08-10 11:59:46'),
(9, 'pl', 5, 'Blondynki', '2017-08-10 11:42:46', '2017-08-10 11:59:36'),
(10, 'en', 5, 'Blonde', '2017-08-10 11:42:46', '2017-08-10 11:59:36'),
(11, 'pl', 6, 'Brunetki', '2017-08-10 11:42:54', '2017-08-10 11:59:30'),
(12, 'en', 6, 'Brunette', '2017-08-10 11:42:54', '2017-08-10 11:59:30'),
(13, 'pl', 7, 'Studentki', '2017-08-10 11:43:01', '2017-08-10 11:59:20'),
(14, 'en', 7, 'College girls', '2017-08-10 11:43:01', '2017-08-10 11:59:20'),
(15, 'pl', 8, 'Owłosione', '2017-08-10 11:43:09', '2017-08-10 11:59:13'),
(16, 'en', 8, 'Hairy', '2017-08-10 11:43:09', '2017-08-10 11:59:13'),
(17, 'pl', 9, 'Dojrzałe', '2017-08-10 11:43:16', '2017-08-10 12:00:08'),
(18, 'en', 9, 'Mature', '2017-08-10 11:43:16', '2017-08-10 12:00:08'),
(19, 'pl', 10, 'Rude', '2017-08-10 11:43:22', '2017-08-10 12:00:16'),
(20, 'en', 10, 'Redhead', '2017-08-10 11:43:22', '2017-08-10 12:00:16'),
(21, 'pl', 11, 'Ogolone', '2017-08-10 11:43:30', '2017-08-10 12:02:30'),
(22, 'en', 11, 'Shaved', '2017-08-10 11:43:30', '2017-08-10 12:02:30'),
(23, 'pl', 12, 'Squirt', '2017-08-10 11:43:36', '2017-08-10 11:43:36'),
(24, 'en', 12, 'Squirt', '2017-08-10 11:43:36', '2017-08-10 11:43:36'),
(25, 'pl', 13, 'Nastolatki 18+', '2017-08-10 11:43:43', '2017-08-10 12:02:39'),
(26, 'en', 13, 'Teens 18+', '2017-08-10 11:43:43', '2017-08-10 12:02:39'),
(27, 'pl', 14, 'Zabawki', '2017-08-10 11:43:50', '2017-08-10 12:02:44'),
(28, 'en', 14, 'Toys', '2017-08-10 11:43:50', '2017-08-10 12:02:44'),
(29, 'pl', 15, 'BBW', '2017-08-10 11:43:57', '2017-08-10 11:43:57'),
(30, 'en', 15, 'BBW', '2017-08-10 11:43:58', '2017-08-10 11:43:58'),
(31, 'pl', 16, 'Wielkie pupy', '2017-08-10 11:44:06', '2017-08-10 12:03:04'),
(32, 'en', 16, 'Big butt', '2017-08-10 11:44:07', '2017-08-10 12:03:04'),
(33, 'pl', 17, 'Azjatki', '2017-08-10 11:44:13', '2017-08-10 12:03:09'),
(34, 'en', 17, 'Asian', '2017-08-10 11:44:13', '2017-08-10 12:03:09'),
(35, 'pl', 18, 'Ebony', '2017-08-10 11:44:20', '2017-08-10 11:44:20'),
(36, 'en', 18, 'Ebony', '2017-08-10 11:44:20', '2017-08-10 11:44:20'),
(37, 'pl', 19, 'Białe dziewczyny', '2017-08-10 11:44:27', '2017-08-10 12:03:42'),
(38, 'en', 19, 'White girls', '2017-08-10 11:44:27', '2017-08-10 12:03:42'),
(39, 'pl', 20, 'Latynoski', '2017-08-10 11:44:34', '2017-08-10 14:42:26'),
(40, 'en', 20, 'Latina', '2017-08-10 11:44:34', '2017-08-10 14:42:26'),
(41, 'pl', 21, 'Seksowne', '2017-08-10 11:44:41', '2017-08-10 12:05:39'),
(42, 'en', 21, 'Curvy', '2017-08-10 11:44:41', '2017-08-10 12:05:39'),
(43, 'pl', 22, 'Drobne', '2017-08-10 11:44:51', '2017-08-10 12:05:53'),
(44, 'en', 22, 'Petite', '2017-08-10 11:44:51', '2017-08-10 12:05:53'),
(45, 'pl', 23, 'Umięśnione', '2017-08-10 11:44:57', '2017-08-10 12:06:00'),
(46, 'en', 23, 'Muscle', '2017-08-10 11:44:57', '2017-08-10 12:06:00'),
(47, 'pl', 24, 'Babcie', '2017-08-10 11:45:04', '2017-08-10 12:06:05'),
(48, 'en', 24, 'Granny', '2017-08-10 11:45:04', '2017-08-10 12:06:05'),
(49, 'pl', 25, 'Lesbijki', '2017-08-10 11:45:11', '2017-08-10 12:06:11'),
(50, 'en', 25, 'Lesbian', '2017-08-10 11:45:11', '2017-08-10 12:06:11'),
(51, 'pl', 26, 'Stopy', '2017-08-10 11:45:17', '2017-08-10 12:06:17'),
(52, 'en', 26, 'Foot', '2017-08-10 11:45:17', '2017-08-10 12:06:17'),
(53, 'pl', 27, 'Palące', '2017-08-10 11:45:25', '2017-08-10 12:06:23'),
(54, 'en', 27, 'Smoking', '2017-08-10 11:45:25', '2017-08-10 12:06:23'),
(55, 'pl', 28, 'Sex grupwy', '2017-08-10 11:45:31', '2017-08-10 12:06:30'),
(56, 'en', 28, 'Group sex', '2017-08-10 11:45:31', '2017-08-10 12:06:30'),
(57, 'pl', 29, 'Gospodynie domowe', '2017-08-10 11:45:39', '2017-08-10 12:06:54'),
(58, 'en', 29, 'Housewives', '2017-08-10 11:45:39', '2017-08-10 12:06:54'),
(59, 'pl', 30, 'Gwiazdy porno', '2017-08-10 11:45:46', '2017-08-10 12:07:00'),
(60, 'en', 30, 'Pornstar', '2017-08-10 11:45:46', '2017-08-10 12:07:00'),
(61, 'pl', 31, 'W ciąży', '2017-08-10 11:45:52', '2017-08-10 12:07:49'),
(62, 'en', 31, 'Pregnant', '2017-08-10 11:45:52', '2017-08-10 12:07:49'),
(63, 'pl', 32, 'Transpłciowe', '2017-08-10 11:45:59', '2017-08-10 12:07:30'),
(64, 'en', 32, 'Transgender', '2017-08-10 11:45:59', '2017-08-10 12:07:30');

-- --------------------------------------------------------

--
-- Struktura tabeli dla tabeli `cms`
--

CREATE TABLE `cms` (
  `id` int(11) NOT NULL,
  `date_updated` datetime NOT NULL,
  `date_created` datetime NOT NULL
) ENGINE=InnoDB DEFAULT CHARSET=utf8;

--
-- Zrzut danych tabeli `cms`
--

INSERT INTO `cms` (`id`, `date_updated`, `date_created`) VALUES
(1, '2017-08-22 00:00:00', '2017-08-22 00:00:00'),
(2, '0000-00-00 00:00:00', '2017-11-30 00:00:00'),
(3, '0000-00-00 00:00:00', '2017-11-30 00:00:00'),
(4, '0000-00-00 00:00:00', '2017-11-30 00:00:00'),
(5, '0000-00-00 00:00:00', '2017-11-30 00:00:00'),
(6, '0000-00-00 00:00:00', '2017-11-30 00:00:00'),
(7, '0000-00-00 00:00:00', '2017-11-30 00:00:00');

-- --------------------------------------------------------

--
-- Struktura tabeli dla tabeli `cms_info`
--

CREATE TABLE `cms_info` (
  `id` int(11) NOT NULL,
  `cms_id` int(11) NOT NULL,
  `language_code` varchar(2) NOT NULL,
  `name` text NOT NULL,
  `content` text NOT NULL,
  `date_updated` datetime NOT NULL,
  `date_created` datetime NOT NULL
) ENGINE=InnoDB DEFAULT CHARSET=utf8;

--
-- Zrzut danych tabeli `cms_info`
--

INSERT INTO `cms_info` (`id`, `cms_id`, `language_code`, `name`, `content`, `date_updated`, `date_created`) VALUES
(1, 1, 'pl', 'FAQ', '<p>faq</p>\r\n', '0000-00-00 00:00:00', '0000-00-00 00:00:00'),
(2, 1, 'en', 'FAQ', '<p>faq&nbsp;EN</p>\r\n', '0000-00-00 00:00:00', '0000-00-00 00:00:00'),
(3, 2, 'pl', 'About', '<p>about</p>\r\n', '0000-00-00 00:00:00', '0000-00-00 00:00:00'),
(4, 2, 'en', '', '<p>about&nbsp;en</p>\r\n', '0000-00-00 00:00:00', '0000-00-00 00:00:00'),
(5, 3, 'pl', '', '<p>partnership</p>\r\n', '0000-00-00 00:00:00', '0000-00-00 00:00:00'),
(6, 3, 'en', '', '<p>partnership en</p>\r\n', '0000-00-00 00:00:00', '0000-00-00 00:00:00'),
(7, 4, 'pl', '', '<p><br />\r\n<b>terms</b></p>\r\n', '0000-00-00 00:00:00', '0000-00-00 00:00:00'),
(8, 4, 'en', '', '<p><b>terms en</b></p>\r\n', '0000-00-00 00:00:00', '0000-00-00 00:00:00'),
(9, 5, 'pl', '', '<p><br />\r\n<b>user agreement</b></p>\r\n', '0000-00-00 00:00:00', '0000-00-00 00:00:00'),
(10, 5, 'en', '', '<p><br />\r\n<b>user agreement en</b></p>\r\n', '0000-00-00 00:00:00', '0000-00-00 00:00:00'),
(11, 6, 'pl', '', '<p>privacy</p>\r\n', '0000-00-00 00:00:00', '0000-00-00 00:00:00'),
(12, 6, 'en', '', '<p>privacy&nbsp;en</p>\r\n', '0000-00-00 00:00:00', '0000-00-00 00:00:00'),
(13, 7, 'pl', '', '<p>copyrights</p>\r\n', '0000-00-00 00:00:00', '0000-00-00 00:00:00'),
(14, 7, 'en', '', '<p>copyrights&nbsp;en</p>\r\n', '0000-00-00 00:00:00', '0000-00-00 00:00:00');

-- --------------------------------------------------------

--
-- Struktura tabeli dla tabeli `countries`
--

CREATE TABLE `countries` (
  `id` int(11) NOT NULL,
  `name` varchar(64) NOT NULL,
  `iso_code_1` varchar(3) NOT NULL,
  `iso_code_2` varchar(2) NOT NULL,
  `iso_code_3` varchar(3) NOT NULL,
  `language_code` varchar(2) NOT NULL,
  `date_updated` datetime NOT NULL,
  `date_created` datetime NOT NULL
) ENGINE=MyISAM DEFAULT CHARSET=utf8;

--
-- Zrzut danych tabeli `countries`
--

INSERT INTO `countries` (`id`, `name`, `iso_code_1`, `iso_code_2`, `iso_code_3`, `language_code`, `date_updated`, `date_created`) VALUES
(1, 'Afghanistan', '004', 'AF', 'AFG', 'fa', '2016-11-16 12:30:56', '2016-11-16 12:30:56'),
(2, 'Albania', '008', 'AL', 'ALB', 'sq', '2016-11-16 12:30:56', '2016-11-16 12:30:56'),
(3, 'Algeria', '012', 'DZ', 'DZA', 'ar', '2016-11-16 12:30:56', '2016-11-16 12:30:56'),
(4, 'American Samoa', '016', 'AS', 'ASM', 'en', '2016-11-16 12:30:56', '2016-11-16 12:30:56'),
(5, 'Andorra', '020', 'AD', 'AND', 'ca', '2016-11-16 12:30:56', '2016-11-16 12:30:56'),
(6, 'Angola', '024', 'AO', 'AGO', 'pt', '2016-11-16 12:30:56', '2016-11-16 12:30:56'),
(7, 'Anguilla', '660', 'AI', 'AIA', 'en', '2016-11-16 12:30:56', '2016-11-16 12:30:56'),
(8, 'Antarctica', '010', 'AQ', 'ATA', '', '2016-11-16 12:30:56', '2016-11-16 12:30:56'),
(9, 'Antigua and Barbuda', '028', 'AG', 'ATG', 'en', '2016-11-16 12:30:56', '2016-11-16 12:30:56'),
(10, 'Argentina', '032', 'AR', 'ARG', 'es', '2016-11-16 12:30:56', '2016-11-16 12:30:56'),
(11, 'Armenia', '051', 'AM', 'ARM', 'hy', '2016-11-16 12:30:56', '2016-11-16 12:30:56'),
(12, 'Aruba', '533', 'AW', 'ABW', 'nl', '2016-11-16 12:30:56', '2016-11-16 12:30:56'),
(13, 'Australia', '036', 'AU', 'AUS', 'en', '2016-11-16 12:30:56', '2016-11-16 12:30:56'),
(14, 'Austria', '040', 'AT', 'AUT', 'de', '2016-11-16 12:30:56', '2016-11-16 12:30:56'),
(15, 'Azerbaijan', '031', 'AZ', 'AZE', 'az', '2016-11-16 12:30:56', '2016-11-16 12:30:56'),
(16, 'Bahamas', '044', 'BS', 'BHS', 'en', '2016-11-16 12:30:56', '2016-11-16 12:30:56'),
(17, 'Bahrain', '048', 'BH', 'BHR', 'ar', '2016-11-16 12:30:56', '2016-11-16 12:30:56'),
(18, 'Bangladesh', '050', 'BD', 'BGD', 'bn', '2016-11-16 12:30:56', '2016-11-16 12:30:56'),
(19, 'Barbados', '052', 'BB', 'BRB', 'en', '2016-11-16 12:30:56', '2016-11-16 12:30:56'),
(20, 'Belarus', '112', 'BY', 'BLR', 'be', '2016-11-16 12:30:56', '2016-11-16 12:30:56'),
(21, 'Belgium', '056', 'BE', 'BEL', 'nl', '2016-11-16 12:30:56', '2016-11-16 12:30:56'),
(22, 'Belize', '084', 'BZ', 'BLZ', 'en', '2016-11-16 12:30:56', '2016-11-16 12:30:56'),
(23, 'Benin', '204', 'BJ', 'BEN', 'fr', '2016-11-16 12:30:56', '2016-11-16 12:30:56'),
(24, 'Bermuda', '060', 'BM', 'BMU', 'en', '2016-11-16 12:30:56', '2016-11-16 12:30:56'),
(25, 'Bhutan', '064', 'BT', 'BTN', 'dz', '2016-11-16 12:30:56', '2016-11-16 12:30:56'),
(26, 'Bolivia', '068', 'BO', 'BOL', 'es', '2016-11-16 12:30:56', '2016-11-16 12:30:56'),
(27, 'Bosnia and Herzegowina', '070', 'BA', 'BIH', 'bs', '2016-11-16 12:30:56', '2016-11-16 12:30:56'),
(28, 'Botswana', '072', 'BW', 'BWA', 'en', '2016-11-16 12:30:56', '2016-11-16 12:30:56'),
(29, 'Bouvet Island', '074', 'BV', 'BVT', '', '2016-11-16 12:30:56', '2016-11-16 12:30:56'),
(30, 'Brazil', '076', 'BR', 'BRA', 'pt', '2016-11-16 12:30:56', '2016-11-16 12:30:56'),
(31, 'British Indian Ocean Territory', '086', 'IO', 'IOT', 'en', '2016-11-16 12:30:56', '2016-11-16 12:30:56'),
(32, 'Brunei Darussalam', '096', 'BN', 'BRN', 'ms', '2016-11-16 12:30:56', '2016-11-16 12:30:56'),
(33, 'Bulgaria', '100', 'BG', 'BGR', 'bg', '2016-11-16 12:30:56', '2016-11-16 12:30:56'),
(34, 'Burkina Faso', '854', 'BF', 'BFA', 'fr', '2016-11-16 12:30:56', '2016-11-16 12:30:56'),
(35, 'Burundi', '108', 'BI', 'BDI', 'fr', '2016-11-16 12:30:56', '2016-11-16 12:30:56'),
(36, 'Cambodia', '116', 'KH', 'KHM', 'km', '2016-11-16 12:30:56', '2016-11-16 12:30:56'),
(37, 'Cameroon', '120', 'CM', 'CMR', 'en', '2016-11-16 12:30:56', '2016-11-16 12:30:56'),
(38, 'Canada', '124', 'CA', 'CAN', 'en', '2016-11-16 12:30:56', '2016-11-16 12:30:56'),
(39, 'Cape Verde', '132', 'CV', 'CPV', 'pt', '2016-11-16 12:30:56', '2016-11-16 12:30:56'),
(40, 'Cayman Islands', '136', 'KY', 'CYM', 'en', '2016-11-16 12:30:56', '2016-11-16 12:30:56'),
(41, 'Central African Republic', '140', 'CF', 'CAF', 'fr', '2016-11-16 12:30:56', '2016-11-16 12:30:56'),
(42, 'Chad', '148', 'TD', 'TCD', 'fr', '2016-11-16 12:30:56', '2016-11-16 12:30:56'),
(43, 'Chile', '152', 'CL', 'CHL', 'es', '2016-11-16 12:30:56', '2016-11-16 12:30:56'),
(44, 'China', '156', 'CN', 'CHN', 'zh', '2016-11-16 12:30:56', '2016-11-16 12:30:56'),
(45, 'Christmas Island', '162', 'CX', 'CXR', 'en', '2016-11-16 12:30:56', '2016-11-16 12:30:56'),
(46, 'Cocos (Keeling) Islands', '166', 'CC', 'CCK', 'ms', '2016-11-16 12:30:56', '2016-11-16 12:30:56'),
(47, 'Colombia', '170', 'CO', 'COL', 'es', '2016-11-16 12:30:56', '2016-11-16 12:30:56'),
(48, 'Comoros', '174', 'KM', 'COM', 'ar', '2016-11-16 12:30:56', '2016-11-16 12:30:56'),
(49, 'Congo', '178', 'CG', 'COG', 'fr', '2016-11-16 12:30:56', '2016-11-16 12:30:56'),
(50, 'Cook Islands', '184', 'CK', 'COK', 'en', '2016-11-16 12:30:56', '2016-11-16 12:30:56'),
(51, 'Costa Rica', '188', 'CR', 'CRI', 'es', '2016-11-16 12:30:56', '2016-11-16 12:30:56'),
(52, 'Cote D\'Ivoire', '384', 'CI', 'CIV', 'fr', '2016-11-16 12:30:56', '2016-11-16 12:30:56'),
(53, 'Croatia', '191', 'HR', 'HRV', 'hr', '2016-11-16 12:30:56', '2016-11-16 12:30:56'),
(54, 'Cuba', '192', 'CU', 'CUB', 'es', '2016-11-16 12:30:56', '2016-11-16 12:30:56'),
(55, 'Cyprus', '196', 'CY', 'CYP', 'el', '2016-11-16 12:30:56', '2016-11-16 12:30:56'),
(56, 'Czech Republic', '203', 'CZ', 'CZE', 'cs', '2016-11-16 12:30:56', '2016-11-16 12:30:56'),
(57, 'Denmark', '208', 'DK', 'DNK', 'da', '2016-11-16 12:30:56', '2016-11-16 12:30:56'),
(58, 'Djibouti', '262', 'DJ', 'DJI', 'fr', '2016-11-16 12:30:56', '2016-11-16 12:30:56'),
(59, 'Dominica', '212', 'DM', 'DMA', 'en', '2016-11-16 12:30:56', '2016-11-16 12:30:56'),
(60, 'Dominican Republic', '214', 'DO', 'DOM', 'es', '2016-11-16 12:30:56', '2016-11-16 12:30:56'),
(61, 'East Timor', '626', 'TP', 'TMP', '', '2016-11-16 12:30:56', '2016-11-16 12:30:56'),
(62, 'Ecuador', '218', 'EC', 'ECU', 'es', '2016-11-16 12:30:56', '2016-11-16 12:30:56'),
(63, 'Egypt', '818', 'EG', 'EGY', 'ar', '2016-11-16 12:30:56', '2016-11-16 12:30:56'),
(64, 'El Salvador', '222', 'SV', 'SLV', 'es', '2016-11-16 12:30:56', '2016-11-16 12:30:56'),
(65, 'Equatorial Guinea', '226', 'GQ', 'GNQ', 'es', '2016-11-16 12:30:56', '2016-11-16 12:30:56'),
(66, 'Eritrea', '232', 'ER', 'ERI', 'aa', '2016-11-16 12:30:56', '2016-11-16 12:30:56'),
(67, 'Estonia', '233', 'EE', 'EST', 'et', '2016-11-16 12:30:56', '2016-11-16 12:30:56'),
(68, 'Ethiopia', '231', 'ET', 'ETH', 'am', '2016-11-16 12:30:56', '2016-11-16 12:30:56'),
(69, 'Falkland Islands (Malvinas)', '238', 'FK', 'FLK', 'en', '2016-11-16 12:30:56', '2016-11-16 12:30:56'),
(70, 'Faroe Islands', '234', 'FO', 'FRO', 'fo', '2016-11-16 12:30:56', '2016-11-16 12:30:56'),
(71, 'Fiji', '242', 'FJ', 'FJI', 'en', '2016-11-16 12:30:56', '2016-11-16 12:30:56'),
(72, 'Finland', '246', 'FI', 'FIN', 'fi', '2016-11-16 12:30:56', '2016-11-16 12:30:56'),
(73, 'France', '250', 'FR', 'FRA', 'fr', '2016-11-16 12:30:56', '2016-11-16 12:30:56'),
(75, 'French Guiana', '254', 'GF', 'GUF', 'fr', '2016-11-16 12:30:56', '2016-11-16 12:30:56'),
(76, 'French Polynesia', '258', 'PF', 'PYF', 'fr', '2016-11-16 12:30:56', '2016-11-16 12:30:56'),
(77, 'French Southern Territories', '260', 'TF', 'ATF', 'fr', '2016-11-16 12:30:56', '2016-11-16 12:30:56'),
(78, 'Gabon', '266', 'GA', 'GAB', 'fr', '2016-11-16 12:30:56', '2016-11-16 12:30:56'),
(79, 'Gambia', '270', 'GM', 'GMB', 'en', '2016-11-16 12:30:56', '2016-11-16 12:30:56'),
(80, 'Georgia', '268', 'GE', 'GEO', 'ka', '2016-11-16 12:30:56', '2016-11-16 12:30:56'),
(81, 'Germany', '276', 'DE', 'DEU', 'de', '2016-11-16 12:30:56', '2016-11-16 12:30:56'),
(82, 'Ghana', '288', 'GH', 'GHA', 'en', '2016-11-16 12:30:56', '2016-11-16 12:30:56'),
(83, 'Gibraltar', '292', 'GI', 'GIB', 'en', '2016-11-16 12:30:56', '2016-11-16 12:30:56'),
(84, 'Greece', '300', 'GR', 'GRC', 'el', '2016-11-16 12:30:56', '2016-11-16 12:30:56'),
(85, 'Greenland', '304', 'GL', 'GRL', 'kl', '2016-11-16 12:30:56', '2016-11-16 12:30:56'),
(86, 'Grenada', '308', 'GD', 'GRD', 'en', '2016-11-16 12:30:56', '2016-11-16 12:30:56'),
(87, 'Guadeloupe', '312', 'GP', 'GLP', 'fr', '2016-11-16 12:30:56', '2016-11-16 12:30:56'),
(88, 'Guam', '316', 'GU', 'GUM', 'en', '2016-11-16 12:30:56', '2016-11-16 12:30:56'),
(89, 'Guatemala', '320', 'GT', 'GTM', 'es', '2016-11-16 12:30:56', '2016-11-16 12:30:56'),
(90, 'Guinea', '324', 'GN', 'GIN', 'fr', '2016-11-16 12:30:56', '2016-11-16 12:30:56'),
(91, 'Guinea-bissau', '624', 'GW', 'GNB', 'pt', '2016-11-16 12:30:56', '2016-11-16 12:30:56'),
(92, 'Guyana', '328', 'GY', 'GUY', 'en', '2016-11-16 12:30:56', '2016-11-16 12:30:56'),
(93, 'Haiti', '332', 'HT', 'HTI', 'ht', '2016-11-16 12:30:56', '2016-11-16 12:30:56'),
(94, 'Heard and McDonald Islands', '334', 'HM', 'HMD', '', '2016-11-16 12:30:56', '2016-11-16 12:30:56'),
(95, 'Honduras', '340', 'HN', 'HND', 'es', '2016-11-16 12:30:56', '2016-11-16 12:30:56'),
(96, 'Hong Kong', '344', 'HK', 'HKG', 'zh', '2016-11-16 12:30:56', '2016-11-16 12:30:56'),
(97, 'Hungary', '348', 'HU', 'HUN', 'hu', '2016-11-16 12:30:56', '2016-11-16 12:30:56'),
(98, 'Iceland', '352', 'IS', 'ISL', 'is', '2016-11-16 12:30:56', '2016-11-16 12:30:56'),
(99, 'India', '356', 'IN', 'IND', 'en', '2016-11-16 12:30:56', '2016-11-16 12:30:56'),
(100, 'Indonesia', '360', 'ID', 'IDN', 'id', '2016-11-16 12:30:56', '2016-11-16 12:30:56'),
(101, 'Iran, Islamic Republic of', '364', 'IR', 'IRN', 'fa', '2016-11-16 12:30:56', '2016-11-16 12:30:56'),
(102, 'Iraq', '368', 'IQ', 'IRQ', 'ar', '2016-11-16 12:30:56', '2016-11-16 12:30:56'),
(103, 'Ireland', '372', 'IE', 'IRL', 'en', '2016-11-16 12:30:56', '2016-11-16 12:30:56'),
(104, 'Israel', '376', 'IL', 'ISR', 'he', '2016-11-16 12:30:56', '2016-11-16 12:30:56'),
(105, 'Italy', '380', 'IT', 'ITA', 'it', '2016-11-16 12:30:56', '2016-11-16 12:30:56'),
(106, 'Jamaica', '388', 'JM', 'JAM', 'en', '2016-11-16 12:30:56', '2016-11-16 12:30:56'),
(107, 'Japan', '392', 'JP', 'JPN', 'ja', '2016-11-16 12:30:56', '2016-11-16 12:30:56'),
(108, 'Jordan', '400', 'JO', 'JOR', 'ar', '2016-11-16 12:30:56', '2016-11-16 12:30:56'),
(109, 'Kazakhstan', '398', 'KZ', 'KAZ', 'kk', '2016-11-16 12:30:56', '2016-11-16 12:30:56'),
(110, 'Kenya', '404', 'KE', 'KEN', 'en', '2016-11-16 12:30:56', '2016-11-16 12:30:56'),
(111, 'Kiribati', '296', 'KI', 'KIR', 'en', '2016-11-16 12:30:56', '2016-11-16 12:30:56'),
(112, 'North Korea', '408', 'KP', 'PRK', 'ko', '2016-11-16 12:30:56', '2016-11-16 12:30:56'),
(113, 'Korea, Republic of', '410', 'KR', 'KOR', 'ko', '2016-11-16 12:30:56', '2016-11-16 12:30:56'),
(114, 'Kuwait', '414', 'KW', 'KWT', 'ar', '2016-11-16 12:30:56', '2016-11-16 12:30:56'),
(115, 'Kyrgyzstan', '417', 'KG', 'KGZ', 'ky', '2016-11-16 12:30:56', '2016-11-16 12:30:56'),
(116, 'Lao People\'s Democratic Republic', '418', 'LA', 'LAO', 'lo', '2016-11-16 12:30:56', '2016-11-16 12:30:56'),
(117, 'Latvia', '428', 'LV', 'LVA', 'lv', '2016-11-16 12:30:56', '2016-11-16 12:30:56'),
(118, 'Lebanon', '422', 'LB', 'LBN', 'ar', '2016-11-16 12:30:56', '2016-11-16 12:30:56'),
(119, 'Lesotho', '426', 'LS', 'LSO', 'en', '2016-11-16 12:30:56', '2016-11-16 12:30:56'),
(120, 'Liberia', '430', 'LR', 'LBR', 'en', '2016-11-16 12:30:56', '2016-11-16 12:30:56'),
(121, 'Libyan Arab Jamahiriya', '434', 'LY', 'LBY', 'ar', '2016-11-16 12:30:56', '2016-11-16 12:30:56'),
(122, 'Liechtenstein', '438', 'LI', 'LIE', 'de', '2016-11-16 12:30:56', '2016-11-16 12:30:56'),
(123, 'Lithuania', '440', 'LT', 'LTU', 'lt', '2016-11-16 12:30:56', '2016-11-16 12:30:56'),
(124, 'Luxembourg', '442', 'LU', 'LUX', 'lb', '2016-11-16 12:30:56', '2016-11-16 12:30:56'),
(125, 'Macau', '446', 'MO', 'MAC', 'zh', '2016-11-16 12:30:56', '2016-11-16 12:30:56'),
(126, 'Macedonia', '807', 'MK', 'MKD', 'mk', '2016-11-16 12:30:56', '2016-11-16 12:30:56'),
(127, 'Madagascar', '450', 'MG', 'MDG', 'fr', '2016-11-16 12:30:56', '2016-11-16 12:30:56'),
(128, 'Malawi', '454', 'MW', 'MWI', 'ny', '2016-11-16 12:30:56', '2016-11-16 12:30:56'),
(129, 'Malaysia', '458', 'MY', 'MYS', 'ms', '2016-11-16 12:30:56', '2016-11-16 12:30:56'),
(130, 'Maldives', '462', 'MV', 'MDV', 'dv', '2016-11-16 12:30:56', '2016-11-16 12:30:56'),
(131, 'Mali', '466', 'ML', 'MLI', 'fr', '2016-11-16 12:30:56', '2016-11-16 12:30:56'),
(132, 'Malta', '470', 'MT', 'MLT', 'mt', '2016-11-16 12:30:56', '2016-11-16 12:30:56'),
(133, 'Marshall Islands', '584', 'MH', 'MHL', 'mh', '2016-11-16 12:30:56', '2016-11-16 12:30:56'),
(134, 'Martinique', '474', 'MQ', 'MTQ', 'fr', '2016-11-16 12:30:56', '2016-11-16 12:30:56'),
(135, 'Mauritania', '478', 'MR', 'MRT', 'ar', '2016-11-16 12:30:56', '2016-11-16 12:30:56'),
(136, 'Mauritius', '480', 'MU', 'MUS', 'en', '2016-11-16 12:30:56', '2016-11-16 12:30:56'),
(137, 'Mayotte', '175', 'YT', 'MYT', 'fr', '2016-11-16 12:30:56', '2016-11-16 12:30:56'),
(138, 'Mexico', '484', 'MX', 'MEX', 'es', '2016-11-16 12:30:56', '2016-11-16 12:30:56'),
(139, 'Micronesia, Federated States of', '583', 'FM', 'FSM', 'en', '2016-11-16 12:30:56', '2016-11-16 12:30:56'),
(140, 'Moldova, Republic of', '498', 'MD', 'MDA', 'ro', '2016-11-16 12:30:56', '2016-11-16 12:30:56'),
(141, 'Monaco', '492', 'MC', 'MCO', 'fr', '2016-11-16 12:30:56', '2016-11-16 12:30:56'),
(142, 'Mongolia', '496', 'MN', 'MNG', 'mn', '2016-11-16 12:30:56', '2016-11-16 12:30:56'),
(143, 'Montserrat', '500', 'MS', 'MSR', 'en', '2016-11-16 12:30:56', '2016-11-16 12:30:56'),
(144, 'Morocco', '504', 'MA', 'MAR', 'ar', '2016-11-16 12:30:56', '2016-11-16 12:30:56'),
(145, 'Mozambique', '508', 'MZ', 'MOZ', 'pt', '2016-11-16 12:30:56', '2016-11-16 12:30:56'),
(146, 'Myanmar', '104', 'MM', 'MMR', 'my', '2016-11-16 12:30:56', '2016-11-16 12:30:56'),
(147, 'Namibia', '516', 'NA', 'NAM', 'en', '2016-11-16 12:30:56', '2016-11-16 12:30:56'),
(148, 'Nauru', '520', 'NR', 'NRU', 'na', '2016-11-16 12:30:56', '2016-11-16 12:30:56'),
(149, 'Nepal', '524', 'NP', 'NPL', 'ne', '2016-11-16 12:30:56', '2016-11-16 12:30:56'),
(150, 'Netherlands', '528', 'NL', 'NLD', 'nl', '2016-11-16 12:30:56', '2016-11-16 12:30:56'),
(151, 'Netherlands Antilles', '530', 'AN', 'ANT', 'nl', '2016-11-16 12:30:56', '2016-11-16 12:30:56'),
(152, 'New Caledonia', '540', 'NC', 'NCL', 'fr', '2016-11-16 12:30:56', '2016-11-16 12:30:56'),
(153, 'New Zealand', '554', 'NZ', 'NZL', 'en', '2016-11-16 12:30:56', '2016-11-16 12:30:56'),
(154, 'Nicaragua', '558', 'NI', 'NIC', 'es', '2016-11-16 12:30:56', '2016-11-16 12:30:56'),
(155, 'Niger', '562', 'NE', 'NER', 'fr', '2016-11-16 12:30:56', '2016-11-16 12:30:56'),
(156, 'Nigeria', '566', 'NG', 'NGA', 'en', '2016-11-16 12:30:56', '2016-11-16 12:30:56'),
(157, 'Niue', '570', 'NU', 'NIU', 'en', '2016-11-16 12:30:56', '2016-11-16 12:30:56'),
(158, 'Norfolk Island', '574', 'NF', 'NFK', 'en', '2016-11-16 12:30:56', '2016-11-16 12:30:56'),
(159, 'Northern Mariana Islands', '580', 'MP', 'MNP', 'tl', '2016-11-16 12:30:56', '2016-11-16 12:30:56'),
(160, 'Norway', '578', 'NO', 'NOR', 'no', '2016-11-16 12:30:56', '2016-11-16 12:30:56'),
(161, 'Oman', '512', 'OM', 'OMN', 'ar', '2016-11-16 12:30:56', '2016-11-16 12:30:56'),
(162, 'Pakistan', '586', 'PK', 'PAK', 'ur', '2016-11-16 12:30:56', '2016-11-16 12:30:56'),
(163, 'Palau', '585', 'PW', 'PLW', 'en', '2016-11-16 12:30:56', '2016-11-16 12:30:56'),
(164, 'Panama', '591', 'PA', 'PAN', 'es', '2016-11-16 12:30:56', '2016-11-16 12:30:56'),
(165, 'Papua New Guinea', '598', 'PG', 'PNG', 'en', '2016-11-16 12:30:56', '2016-11-16 12:30:56'),
(166, 'Paraguay', '600', 'PY', 'PRY', 'es', '2016-11-16 12:30:56', '2016-11-16 12:30:56'),
(167, 'Peru', '604', 'PE', 'PER', 'es', '2016-11-16 12:30:56', '2016-11-16 12:30:56'),
(168, 'Philippines', '608', 'PH', 'PHL', 'tl', '2016-11-16 12:30:56', '2016-11-16 12:30:56'),
(169, 'Pitcairn', '612', 'PN', 'PCN', 'en', '2016-11-16 12:30:56', '2016-11-16 12:30:56'),
(170, 'Poland', '616', 'PL', 'POL', 'pl', '2017-01-04 09:01:02', '2016-11-16 12:30:56'),
(171, 'Portugal', '620', 'PT', 'PRT', 'pt', '2016-11-16 12:30:56', '2016-11-16 12:30:56'),
(172, 'Puerto Rico', '630', 'PR', 'PRI', 'en', '2016-11-16 12:30:56', '2016-11-16 12:30:56'),
(173, 'Qatar', '634', 'QA', 'QAT', 'ar', '2016-11-16 12:30:56', '2016-11-16 12:30:56'),
(174, 'Reunion', '638', 'RE', 'REU', 'fr', '2016-11-16 12:30:56', '2016-11-16 12:30:56'),
(175, 'Romania', '642', 'RO', 'ROM', 'ro', '2016-11-16 12:30:56', '2016-11-16 12:30:56'),
(176, 'Russian Federation', '643', 'RU', 'RUS', 'ru', '2016-11-16 12:30:56', '2016-11-16 12:30:56'),
(177, 'Rwanda', '646', 'RW', 'RWA', 'rw', '2016-11-16 12:30:56', '2016-11-16 12:30:56'),
(178, 'Saint Kitts and Nevis', '659', 'KN', 'KNA', 'en', '2016-11-16 12:30:56', '2016-11-16 12:30:56'),
(179, 'Saint Lucia', '662', 'LC', 'LCA', 'en', '2016-11-16 12:30:56', '2016-11-16 12:30:56'),
(180, 'Saint Vincent and the Grenadines', '670', 'VC', 'VCT', 'en', '2016-11-16 12:30:56', '2016-11-16 12:30:56'),
(181, 'Samoa', '882', 'WS', 'WSM', 'sm', '2016-11-16 12:30:56', '2016-11-16 12:30:56'),
(182, 'San Marino', '674', 'SM', 'SMR', 'it', '2016-11-16 12:30:56', '2016-11-16 12:30:56'),
(183, 'Sao Tome and Principe', '678', 'ST', 'STP', 'pt', '2016-11-16 12:30:56', '2016-11-16 12:30:56'),
(184, 'Saudi Arabia', '682', 'SA', 'SAU', 'ar', '2016-11-16 12:30:56', '2016-11-16 12:30:56'),
(185, 'Senegal', '686', 'SN', 'SEN', 'fr', '2016-11-16 12:30:56', '2016-11-16 12:30:56'),
(186, 'Seychelles', '690', 'SC', 'SYC', 'en', '2016-11-16 12:30:56', '2016-11-16 12:30:56'),
(187, 'Sierra Leone', '694', 'SL', 'SLE', 'en', '2016-11-16 12:30:56', '2016-11-16 12:30:56'),
(188, 'Singapore', '702', 'SG', 'SGP', 'en', '2016-11-16 12:30:56', '2016-11-16 12:30:56'),
(189, 'Slovak Republic', '703', 'SK', 'SVK', 'sk', '2016-11-16 12:30:56', '2016-11-16 12:30:56'),
(190, 'Slovenia', '705', 'SI', 'SVN', 'sl', '2016-11-16 12:30:56', '2016-11-16 12:30:56'),
(191, 'Solomon Islands', '090', 'SB', 'SLB', 'en', '2016-11-16 12:30:56', '2016-11-16 12:30:56'),
(192, 'Somalia', '706', 'SO', 'SOM', 'so', '2016-11-16 12:30:56', '2016-11-16 12:30:56'),
(193, 'South Africa', '710', 'ZA', 'ZAF', 'zu', '2016-11-16 12:30:56', '2016-11-16 12:30:56'),
(194, 'South Georgia and South Sandwich Islands', '239', 'GS', 'SGS', 'en', '2016-11-16 12:30:56', '2016-11-16 12:30:56'),
(195, 'Spain', '724', 'ES', 'ESP', 'es', '2016-11-16 12:30:56', '2016-11-16 12:30:56'),
(196, 'Sri Lanka', '144', 'LK', 'LKA', 'si', '2016-11-16 12:30:56', '2016-11-16 12:30:56'),
(197, 'St. Helena', '654', 'SH', 'SHN', 'en', '2016-11-16 12:30:56', '2016-11-16 12:30:56'),
(198, 'St. Pierre and Miquelon', '666', 'PM', 'SPM', 'fr', '2016-11-16 12:30:56', '2016-11-16 12:30:56'),
(199, 'Sudan', '729', 'SD', 'SDN', 'ar', '2016-11-16 12:30:56', '2016-11-16 12:30:56'),
(200, 'Suriname', '740', 'SR', 'SUR', 'nl', '2016-11-16 12:30:56', '2016-11-16 12:30:56'),
(201, 'Svalbard and Jan Mayen Islands', '744', 'SJ', 'SJM', 'no', '2016-11-16 12:30:56', '2016-11-16 12:30:56'),
(202, 'Swaziland', '748', 'SZ', 'SWZ', 'en', '2016-11-16 12:30:56', '2016-11-16 12:30:56'),
(203, 'Sweden', '752', 'SE', 'SWE', 'sv', '2016-11-16 12:30:56', '2016-11-16 12:30:56'),
(204, 'Switzerland', '756', 'CH', 'CHE', 'de', '2016-11-16 12:30:56', '2016-11-16 12:30:56'),
(205, 'Syrian Arab Republic', '760', 'SY', 'SYR', 'ar', '2016-11-16 12:30:56', '2016-11-16 12:30:56'),
(206, 'Taiwan', '158', 'TW', 'TWN', 'zh', '2016-11-16 12:30:56', '2016-11-16 12:30:56'),
(207, 'Tajikistan', '762', 'TJ', 'TJK', 'tg', '2016-11-16 12:30:56', '2016-11-16 12:30:56'),
(208, 'Tanzania, United Republic of', '834', 'TZ', 'TZA', 'sw', '2016-11-16 12:30:56', '2016-11-16 12:30:56'),
(209, 'Thailand', '764', 'TH', 'THA', 'th', '2016-11-16 12:30:56', '2016-11-16 12:30:56'),
(210, 'Togo', '768', 'TG', 'TGO', 'fr', '2016-11-16 12:30:56', '2016-11-16 12:30:56'),
(211, 'Tokelau', '772', 'TK', 'TKL', 'en', '2016-11-16 12:30:56', '2016-11-16 12:30:56'),
(212, 'Tonga', '776', 'TO', 'TON', 'to', '2016-11-16 12:30:56', '2016-11-16 12:30:56'),
(213, 'Trinidad and Tobago', '780', 'TT', 'TTO', 'en', '2016-11-16 12:30:56', '2016-11-16 12:30:56'),
(214, 'Tunisia', '788', 'TN', 'TUN', 'ar', '2016-11-16 12:30:56', '2016-11-16 12:30:56'),
(215, 'Turkey', '792', 'TR', 'TUR', 'tr', '2016-11-16 12:30:56', '2016-11-16 12:30:56'),
(216, 'Turkmenistan', '795', 'TM', 'TKM', 'tk', '2016-11-16 12:30:56', '2016-11-16 12:30:56'),
(217, 'Turks and Caicos Islands', '796', 'TC', 'TCA', 'en', '2016-11-16 12:30:56', '2016-11-16 12:30:56'),
(218, 'Tuvalu', '798', 'TV', 'TUV', 'en', '2016-11-16 12:30:56', '2016-11-16 12:30:56'),
(219, 'Uganda', '800', 'UG', 'UGA', 'en', '2016-11-16 12:30:56', '2016-11-16 12:30:56'),
(220, 'Ukraine', '804', 'UA', 'UKR', 'uk', '2016-11-16 12:30:56', '2016-11-16 12:30:56'),
(221, 'United Arab Emirates', '784', 'AE', 'ARE', 'ar', '2016-11-16 12:30:56', '2016-11-16 12:30:56'),
(222, 'United Kingdom', '826', 'GB', 'GBR', 'en', '2016-11-16 12:30:56', '2016-11-16 12:30:56'),
(223, 'United States', '840', 'US', 'USA', 'en', '2016-11-16 12:30:56', '2016-11-16 12:30:56'),
(224, 'United States Minor Outlying Islands', '581', 'UM', 'UMI', 'en', '2016-11-16 12:30:56', '2016-11-16 12:30:56'),
(225, 'Uruguay', '858', 'UY', 'URY', 'es', '2016-11-16 12:30:56', '2016-11-16 12:30:56'),
(226, 'Uzbekistan', '860', 'UZ', 'UZB', 'uz', '2016-11-16 12:30:56', '2016-11-16 12:30:56'),
(227, 'Vanuatu', '548', 'VU', 'VUT', 'bi', '2016-11-16 12:30:56', '2016-11-16 12:30:56'),
(228, 'Vatican City State (Holy See)', '336', 'VA', 'VAT', 'la', '2016-11-16 12:30:56', '2016-11-16 12:30:56'),
(229, 'Venezuela', '862', 'VE', 'VEN', 'es', '2016-11-16 12:30:56', '2016-11-16 12:30:56'),
(230, 'Viet Nam', '704', 'VN', 'VNM', 'vi', '2016-11-16 12:30:56', '2016-11-16 12:30:56'),
(231, 'Virgin Islands (British)', '092', 'VG', 'VGB', 'en', '2016-11-16 12:30:56', '2016-11-16 12:30:56'),
(232, 'Virgin Islands (U.S.)', '850', 'VI', 'VIR', 'en', '2016-11-16 12:30:56', '2016-11-16 12:30:56'),
(233, 'Wallis and Futuna Islands', '876', 'WF', 'WLF', 'fr', '2016-11-16 12:30:56', '2016-11-16 12:30:56'),
(234, 'Western Sahara', '732', 'EH', 'ESH', 'ar', '2016-11-16 12:30:56', '2016-11-16 12:30:56'),
(235, 'Yemen', '887', 'YE', 'YEM', 'ar', '2016-11-16 12:30:56', '2016-11-16 12:30:56'),
(236, 'Serbia', '381', 'RS', 'SRB', 'sr', '2016-11-16 12:30:56', '2016-11-16 12:30:56'),
(237, 'Democratic Republic of Congo', '180', 'CD', 'COD', 'fr', '2016-11-16 12:30:56', '2016-11-16 12:30:56'),
(238, 'Zambia', '894', 'ZM', 'ZMB', 'en', '2016-11-16 12:30:56', '2016-11-16 12:30:56'),
(239, 'Zimbabwe', '716', 'ZW', 'ZWE', 'en', '2016-11-16 12:30:56', '2016-11-16 12:30:56');

-- --------------------------------------------------------

--
-- Struktura tabeli dla tabeli `customers`
--

CREATE TABLE `customers` (
  `id` int(11) NOT NULL,
  `login` text NOT NULL,
  `name` text NOT NULL,
  `surname` text NOT NULL,
  `email` text NOT NULL,
  `password` text NOT NULL,
  `profile_picture` int(11) DEFAULT NULL,
  `overview` text NOT NULL,
  `type` tinyint(1) NOT NULL COMMENT '1 - standard || 2 - model',
  `membership` int(11) DEFAULT NULL COMMENT 'klucz na tebele memberships',
  `tokens` int(11) NOT NULL DEFAULT '0',
  `sex` int(11) NOT NULL COMMENT '1 - female || 2 - male || 3-trans',
  `activ_code` text NOT NULL,
  `active` tinyint(1) NOT NULL,
  `banned` int(1) NOT NULL DEFAULT '0',
  `country` varchar(2) NOT NULL,
  `unreaded_notification` int(11) NOT NULL DEFAULT '0',
  `date_created` datetime NOT NULL,
  `date_updated` datetime NOT NULL,
  `last_login_date` datetime NOT NULL,
  `auto_login_code` text NOT NULL
) ENGINE=InnoDB DEFAULT CHARSET=utf8;

-- --------------------------------------------------------

--
-- Struktura tabeli dla tabeli `follows`
--

CREATE TABLE `follows` (
  `id` int(11) NOT NULL,
  `follower_id` int(11) NOT NULL,
  `following_id` int(11) NOT NULL,
  `view` smallint(1) NOT NULL DEFAULT '1',
  `date_created` datetime NOT NULL
) ENGINE=InnoDB DEFAULT CHARSET=utf8;

-- --------------------------------------------------------

--
-- Struktura tabeli dla tabeli `gifts`
--

CREATE TABLE `gifts` (
  `id` int(11) NOT NULL,
  `sender_user_id` int(11) NOT NULL,
  `receiving_user_id` int(11) NOT NULL,
  `description` text NOT NULL,
  `type` int(1) NOT NULL COMMENT '1 - file || 2 - product || 3 - tokens',
  `date_created` datetime NOT NULL
) ENGINE=InnoDB DEFAULT CHARSET=utf8;

-- --------------------------------------------------------

--
-- Struktura tabeli dla tabeli `gift_file`
--

CREATE TABLE `gift_file` (
  `id` int(11) NOT NULL,
  `gift_id` int(11) NOT NULL,
  `file_name` text NOT NULL
) ENGINE=InnoDB DEFAULT CHARSET=utf8;

-- --------------------------------------------------------

--
-- Struktura tabeli dla tabeli `gift_product`
--

CREATE TABLE `gift_product` (
  `id` int(11) NOT NULL,
  `gift_id` int(11) NOT NULL,
  `product_id` int(11) NOT NULL
) ENGINE=InnoDB DEFAULT CHARSET=utf8;

-- --------------------------------------------------------

--
-- Struktura tabeli dla tabeli `gift_tokens`
--

CREATE TABLE `gift_tokens` (
  `id` int(11) NOT NULL,
  `gift_id` int(11) NOT NULL,
  `amount` int(11) NOT NULL
) ENGINE=InnoDB DEFAULT CHARSET=utf8;

-- --------------------------------------------------------

--
-- Struktura tabeli dla tabeli `hear_about`
--

CREATE TABLE `hear_about` (
  `id` int(11) NOT NULL,
  `user_id` int(11) NOT NULL,
  `answer` int(11) NOT NULL,
  `date_created` datetime NOT NULL
) ENGINE=InnoDB DEFAULT CHARSET=utf8 COMMENT='pytanie przy rejestracji';

-- --------------------------------------------------------

--
-- Struktura tabeli dla tabeli `invoice_users_data`
--

CREATE TABLE `invoice_users_data` (
  `id` int(11) NOT NULL,
  `user_id` int(11) NOT NULL,
  `company_name` text NOT NULL,
  `first_name` text NOT NULL,
  `last_name` text NOT NULL,
  `address` text NOT NULL,
  `city` text NOT NULL,
  `postal_code` text NOT NULL,
  `country` char(2) NOT NULL COMMENT 'iso_code_2 z tabeli countries',
  `date_created` datetime NOT NULL,
  `date_updated` datetime NOT NULL
) ENGINE=InnoDB DEFAULT CHARSET=utf8;

-- --------------------------------------------------------

--
-- Struktura tabeli dla tabeli `languages`
--

CREATE TABLE `languages` (
  `id` int(11) NOT NULL,
  `code` varchar(2) NOT NULL,
  `name` text NOT NULL,
  `date_created` datetime NOT NULL,
  `date_updated` datetime NOT NULL
) ENGINE=InnoDB DEFAULT CHARSET=utf8;

--
-- Zrzut danych tabeli `languages`
--

INSERT INTO `languages` (`id`, `code`, `name`, `date_created`, `date_updated`) VALUES
(1, 'pl', 'Polski', '2017-08-08 00:00:00', '2017-08-08 00:00:00'),
(2, 'en', 'English', '2017-08-08 00:00:00', '2017-08-08 00:00:00');

-- --------------------------------------------------------

--
-- Struktura tabeli dla tabeli `memberships`
--

CREATE TABLE `memberships` (
  `id` int(11) NOT NULL,
  `user_id` int(11) NOT NULL,
  `type` smallint(1) NOT NULL COMMENT '1-basic | 2-vip',
  `valid_to` datetime NOT NULL,
  `date_created` datetime NOT NULL,
  `date_updated` datetime NOT NULL
) ENGINE=InnoDB DEFAULT CHARSET=utf8;

-- --------------------------------------------------------

--
-- Struktura tabeli dla tabeli `messages`
--

CREATE TABLE `messages` (
  `id` int(11) NOT NULL,
  `user_id_from` int(11) NOT NULL,
  `user_id_to` int(11) NOT NULL,
  `message` text NOT NULL,
  `readed` int(1) NOT NULL DEFAULT '0',
  `date_updated` datetime NOT NULL,
  `date_created` datetime NOT NULL
) ENGINE=InnoDB DEFAULT CHARSET=utf8;

-- --------------------------------------------------------

--
-- Struktura tabeli dla tabeli `model_recent_activity`
--

CREATE TABLE `model_recent_activity` (
  `id` int(11) NOT NULL,
  `user_id` int(11) NOT NULL,
  `activity_type` smallint(1) NOT NULL COMMENT '1 - dodane zdjecie || 2 - nowa opinia(otrzymana) | 3 - dodanie bloga | 4 - dodanie produktu | 5 - dodanie video',
  `date_created` datetime NOT NULL
) ENGINE=InnoDB DEFAULT CHARSET=utf8;

-- --------------------------------------------------------

--
-- Struktura tabeli dla tabeli `notifications`
--

CREATE TABLE `notifications` (
  `id` int(11) NOT NULL,
  `user_id` int(11) NOT NULL,
  `type` int(11) NOT NULL COMMENT '1-gift || 2-new activity || 3-new blog || 4-new photo || 5-new product || 6-sold product || 7-message || 8-followers',
  `date_created` datetime NOT NULL
) ENGINE=InnoDB DEFAULT CHARSET=utf8;

-- --------------------------------------------------------

--
-- Struktura tabeli dla tabeli `notifications_dismiss`
--

CREATE TABLE `notifications_dismiss` (
  `id` int(11) NOT NULL,
  `user_id` int(11) NOT NULL,
  `notification_id` int(11) NOT NULL,
  `date_created` datetime NOT NULL
) ENGINE=InnoDB DEFAULT CHARSET=utf8;

-- --------------------------------------------------------

--
-- Struktura tabeli dla tabeli `notification_followers`
--

CREATE TABLE `notification_followers` (
  `id` int(11) NOT NULL,
  `user_id` int(11) NOT NULL COMMENT 'following user',
  `notification_id` int(11) NOT NULL
) ENGINE=InnoDB DEFAULT CHARSET=utf8;

-- --------------------------------------------------------

--
-- Struktura tabeli dla tabeli `notification_gift`
--

CREATE TABLE `notification_gift` (
  `id` int(11) NOT NULL,
  `user_id` int(11) NOT NULL COMMENT 'receiving user',
  `notification_id` int(11) NOT NULL
) ENGINE=InnoDB DEFAULT CHARSET=utf8;

-- --------------------------------------------------------

--
-- Struktura tabeli dla tabeli `notification_message`
--

CREATE TABLE `notification_message` (
  `id` int(11) NOT NULL,
  `user_id` int(11) NOT NULL,
  `notification_id` int(11) NOT NULL
) ENGINE=InnoDB DEFAULT CHARSET=utf8;

-- --------------------------------------------------------

--
-- Struktura tabeli dla tabeli `notification_new_activity`
--

CREATE TABLE `notification_new_activity` (
  `id` int(11) NOT NULL,
  `notification_id` int(11) NOT NULL
) ENGINE=InnoDB DEFAULT CHARSET=utf8;

-- --------------------------------------------------------

--
-- Struktura tabeli dla tabeli `notification_new_blog`
--

CREATE TABLE `notification_new_blog` (
  `id` int(11) NOT NULL,
  `notification_id` int(11) NOT NULL,
  `blog_id` int(11) NOT NULL
) ENGINE=InnoDB DEFAULT CHARSET=utf8;

-- --------------------------------------------------------

--
-- Struktura tabeli dla tabeli `notification_new_photo`
--

CREATE TABLE `notification_new_photo` (
  `id` int(11) NOT NULL,
  `notification_id` int(11) NOT NULL
) ENGINE=InnoDB DEFAULT CHARSET=utf8;

-- --------------------------------------------------------

--
-- Struktura tabeli dla tabeli `notification_new_product`
--

CREATE TABLE `notification_new_product` (
  `id` int(11) NOT NULL,
  `notification_id` int(11) NOT NULL,
  `product_id` int(11) NOT NULL
) ENGINE=InnoDB DEFAULT CHARSET=utf8;

-- --------------------------------------------------------

--
-- Struktura tabeli dla tabeli `notification_sold_product`
--

CREATE TABLE `notification_sold_product` (
  `id` int(11) NOT NULL,
  `notification_id` int(11) NOT NULL,
  `user_id` int(11) NOT NULL COMMENT 'owner product',
  `product_id` int(11) NOT NULL
) ENGINE=InnoDB DEFAULT CHARSET=utf8;

-- --------------------------------------------------------

--
-- Struktura tabeli dla tabeli `orders`
--

CREATE TABLE `orders` (
  `id` int(11) NOT NULL,
  `user_id` int(11) NOT NULL,
  `total_price` int(11) NOT NULL,
  `payment` int(1) NOT NULL DEFAULT '0',
  `date` datetime NOT NULL
) ENGINE=InnoDB DEFAULT CHARSET=utf8;

-- --------------------------------------------------------

--
-- Struktura tabeli dla tabeli `order_info`
--

CREATE TABLE `order_info` (
  `id` int(11) NOT NULL,
  `order_id` int(11) NOT NULL,
  `product_id` int(11) NOT NULL
) ENGINE=InnoDB DEFAULT CHARSET=utf8;

-- --------------------------------------------------------

--
-- Struktura tabeli dla tabeli `pageview`
--

CREATE TABLE `pageview` (
  `id` int(11) NOT NULL,
  `user_ip` text NOT NULL,
  `data` date NOT NULL
) ENGINE=InnoDB DEFAULT CHARSET=latin2;

--
-- Zrzut danych tabeli `pageview`
--

INSERT INTO `pageview` (`id`, `user_ip`, `data`) VALUES
(1, '85.14.79.225', '2016-09-09'),
(2, '91.234.100.168', '2016-09-22'),
(3, '85.14.79.225', '2016-09-26'),
(4, '31.0.43.204', '2016-09-26'),
(5, '85.14.79.225', '2016-09-27'),
(6, '54.163.145.119', '2016-09-27'),
(7, '85.14.79.225', '2016-09-28'),
(8, '89.79.213.137', '2016-10-05'),
(9, '31.0.43.131', '2016-10-05'),
(10, '66.249.93.28', '2016-10-05'),
(11, '31.179.7.65', '2016-10-05'),
(12, '85.14.79.225', '2016-10-07'),
(13, '85.14.79.225', '2016-10-10'),
(14, '85.14.79.225', '2016-10-13'),
(15, '85.14.79.225', '2016-10-14'),
(16, '85.14.79.225', '2016-10-17'),
(17, '31.0.42.69', '2016-10-17'),
(18, '85.14.79.225', '2016-10-18'),
(19, '85.14.79.225', '2016-10-19'),
(20, '85.14.79.225', '2016-10-20'),
(21, '85.14.79.225', '2016-10-21'),
(22, '91.234.100.168', '2016-10-22'),
(23, '85.14.79.225', '2016-10-24'),
(24, '85.14.79.225', '2016-10-25'),
(25, '31.179.7.65', '2016-10-25'),
(26, '85.14.79.225', '2016-10-26'),
(27, '31.179.7.65', '2016-10-26'),
(28, '85.14.79.225', '2016-10-27'),
(29, '31.179.7.65', '2016-10-27'),
(30, '85.14.79.225', '2016-10-28'),
(31, '85.14.79.225', '2016-11-02'),
(32, '91.234.100.168', '2016-11-02'),
(33, '91.234.100.168', '2016-11-02'),
(34, '85.14.79.225', '2016-11-03'),
(35, '91.234.100.168', '2016-11-03'),
(36, '85.14.79.225', '2016-11-04'),
(37, '85.14.79.225', '2016-11-07'),
(38, '109.196.48.32', '2016-11-07'),
(39, '85.14.79.225', '2016-11-08'),
(40, '31.179.7.65', '2016-11-08'),
(41, '31.0.71.101', '2016-11-08'),
(42, '195.150.9.37', '2016-11-08'),
(43, '66.249.93.200', '2016-11-08'),
(44, '66.102.9.152', '2016-11-08'),
(45, '91.234.100.168', '2016-11-08'),
(46, '109.196.48.32', '2016-11-08'),
(47, '85.14.79.225', '2016-11-09'),
(48, '66.249.93.198', '2016-11-09'),
(49, '91.234.100.168', '2016-11-09'),
(50, '85.14.79.225', '2016-11-10'),
(51, '66.249.93.196', '2016-11-10'),
(52, '91.234.100.168', '2016-11-10'),
(53, '109.196.48.32', '2016-11-10'),
(54, '66.249.93.198', '2016-11-10'),
(55, '89.79.213.137', '2016-11-10'),
(56, '109.196.48.32', '2016-11-11'),
(57, '66.249.93.198', '2016-11-11'),
(58, '66.249.93.196', '2016-11-11'),
(59, '5.172.232.149', '2016-11-11'),
(60, '188.146.154.90', '2016-11-11'),
(61, '66.249.65.175', '2016-11-11'),
(62, '66.249.93.200', '2016-11-11'),
(63, '66.102.9.152', '2016-11-12'),
(64, '66.249.93.200', '2016-11-12'),
(65, '5.172.232.89', '2016-11-12'),
(66, '66.249.93.196', '2016-11-13'),
(67, '66.249.93.200', '2016-11-13'),
(68, '66.102.9.150', '2016-11-13'),
(69, '85.14.79.225', '2016-11-14'),
(70, '85.14.79.225', '2016-11-15'),
(71, '66.249.93.198', '2016-11-15'),
(72, '93.179.216.214', '2016-11-16'),
(73, '109.196.48.32', '2016-11-16'),
(74, '66.249.93.208', '2016-11-16'),
(75, '31.0.66.90', '2016-11-16'),
(76, '31.179.7.65', '2016-11-16'),
(77, '85.14.100.154', '2016-11-17'),
(78, '109.196.48.32', '2016-11-17'),
(79, '66.249.93.207', '2016-11-17'),
(80, '31.179.7.65', '2016-11-17'),
(81, '66.249.93.208', '2016-11-17'),
(82, '85.14.100.154', '2016-11-18'),
(83, '195.150.9.37', '2016-11-18'),
(84, '66.249.93.144', '2016-11-19'),
(85, '66.249.93.208', '2016-11-20'),
(86, '66.249.93.206', '2016-11-21'),
(87, '85.14.100.154', '2016-11-21'),
(88, '85.14.100.154', '2016-11-22'),
(89, '66.249.93.208', '2016-11-22'),
(90, '109.196.48.32', '2016-11-22'),
(91, '37.248.154.177', '2016-11-22'),
(92, '66.249.93.208', '2016-11-23'),
(93, '31.179.7.65', '2016-11-23'),
(94, '85.14.100.154', '2016-11-23'),
(95, '195.150.9.37', '2016-11-23'),
(96, '31.0.124.32', '2016-11-23'),
(97, '66.102.9.139', '2016-11-23'),
(98, '85.14.100.154', '2016-11-24'),
(99, '5.172.234.210', '2016-11-24'),
(100, '66.249.93.208', '2016-11-24'),
(101, '31.179.7.65', '2016-11-24'),
(102, '66.102.9.139', '2016-11-24'),
(103, '83.27.220.1', '2016-11-24'),
(104, '66.249.93.207', '2016-11-25'),
(105, '85.14.100.154', '2016-11-25'),
(106, '195.150.9.37', '2016-11-25'),
(107, '217.99.230.115', '2016-11-26'),
(108, '66.249.93.206', '2016-11-26'),
(109, '66.249.93.208', '2016-11-27'),
(110, '37.248.156.27', '2016-11-27'),
(111, '66.249.93.207', '2016-11-28'),
(112, '85.14.100.154', '2016-11-28'),
(113, '31.179.7.65', '2016-11-28'),
(114, '66.249.93.207', '2016-11-29'),
(115, '85.14.100.154', '2016-11-29'),
(116, '31.179.7.65', '2016-11-29'),
(117, '66.249.93.208', '2016-11-29'),
(118, '66.102.9.137', '2016-11-30'),
(119, '66.102.9.139', '2016-11-30'),
(120, '31.179.7.65', '2016-11-30'),
(121, '66.102.9.137', '2016-12-01'),
(122, '66.102.9.135', '2016-12-01'),
(123, '66.249.93.207', '2016-12-01'),
(124, '85.14.100.154', '2016-12-02'),
(125, '188.117.181.108', '2016-12-02'),
(126, '195.150.9.37', '2016-12-02'),
(127, '213.227.95.72', '2016-12-02'),
(128, '91.234.100.184', '2016-12-02'),
(129, '31.0.39.76', '2016-12-02'),
(130, '66.102.9.137', '2016-12-02'),
(131, '66.102.9.137', '2016-12-02'),
(132, '91.234.100.168', '2016-12-02'),
(133, '66.249.93.207', '2016-12-03'),
(134, '66.249.93.208', '2016-12-03'),
(135, '66.249.93.208', '2016-12-04'),
(136, '66.249.93.207', '2016-12-04'),
(137, '66.249.93.14', '2016-12-05'),
(138, '66.249.93.15', '2016-12-05'),
(139, '66.249.93.206', '2016-12-06'),
(140, '66.249.93.207', '2016-12-06'),
(141, '85.14.100.154', '2016-12-06'),
(142, '31.179.7.65', '2016-12-06'),
(143, '5.172.238.120', '2016-12-06'),
(144, '85.14.100.154', '2016-12-07'),
(145, '66.102.9.137', '2016-12-07'),
(146, '66.102.9.137', '2016-12-07'),
(147, '66.249.93.208', '2016-12-08'),
(148, '31.179.7.65', '2016-12-08'),
(149, '37.248.158.72', '2016-12-08'),
(150, '66.102.9.139', '2016-12-08'),
(151, '109.196.48.32', '2016-12-09'),
(152, '66.249.93.207', '2016-12-09'),
(153, '85.14.100.154', '2016-12-09'),
(154, '66.249.93.206', '2016-12-10'),
(155, '85.14.100.154', '2016-12-13'),
(156, '66.249.93.208', '2016-12-13'),
(157, '85.14.100.154', '2016-12-14'),
(158, '85.14.100.154', '2016-12-15'),
(159, '195.150.9.37', '2016-12-15'),
(160, '46.134.20.59', '2016-12-15'),
(161, '85.14.100.154', '2016-12-16'),
(162, '195.150.9.37', '2016-12-16'),
(163, '31.179.7.65', '2016-12-17'),
(164, '83.21.252.57', '2016-12-18'),
(165, '66.249.93.206', '2016-12-18'),
(166, '85.14.100.154', '2016-12-19'),
(167, '85.14.100.154', '2016-12-21'),
(168, '195.150.9.37', '2016-12-21'),
(169, '5.172.235.156', '2016-12-21'),
(170, '37.248.155.66', '2016-12-21'),
(171, '37.47.203.12', '2016-12-21'),
(172, '37.248.153.100', '2016-12-21'),
(173, '207.102.138.158', '2016-12-22'),
(174, '66.249.76.50', '2016-12-22'),
(175, '66.249.66.6', '2016-12-22'),
(176, '66.249.76.52', '2016-12-22'),
(177, '66.249.76.51', '2016-12-22'),
(178, '66.249.66.10', '2016-12-22'),
(179, '66.249.76.51', '2016-12-23'),
(180, '37.47.35.135', '2016-12-23'),
(181, '91.234.100.168', '2016-12-23'),
(182, '66.249.73.206', '2016-12-24'),
(183, '66.249.73.197', '2016-12-24'),
(184, '66.249.73.201', '2016-12-24'),
(185, '66.249.76.51', '2016-12-24'),
(186, '31.0.120.153', '2016-12-24'),
(187, '66.249.66.10', '2016-12-24'),
(188, '31.0.124.141', '2016-12-24'),
(189, '66.249.76.52', '2016-12-24'),
(190, '66.249.66.10', '2016-12-25'),
(191, '66.249.76.52', '2016-12-25'),
(192, '54.84.8.128', '2016-12-25'),
(193, '66.249.76.51', '2016-12-25'),
(194, '66.249.76.50', '2016-12-25'),
(195, '66.249.76.52', '2016-12-26'),
(196, '207.102.138.158', '2016-12-26'),
(197, '66.249.76.51', '2016-12-26'),
(198, '66.249.66.6', '2016-12-26'),
(199, '66.249.76.51', '2016-12-27'),
(200, '66.249.66.10', '2016-12-27'),
(201, '66.249.64.240', '2016-12-27'),
(202, '66.249.64.248', '2016-12-27'),
(203, '31.0.122.67', '2016-12-27'),
(204, '66.249.64.248', '2016-12-28'),
(205, '94.78.175.3', '2016-12-28'),
(206, '66.249.69.46', '2016-12-28'),
(207, '52.212.249.211', '2016-12-28'),
(208, '66.249.69.38', '2016-12-28'),
(209, '66.249.69.42', '2016-12-29'),
(210, '91.234.100.168', '2016-12-29'),
(211, '66.249.69.46', '2016-12-29'),
(212, '64.246.161.30', '2016-12-29'),
(213, '66.249.76.51', '2016-12-29'),
(214, '66.249.66.15', '2016-12-29'),
(215, '66.249.66.6', '2016-12-30'),
(216, '66.249.76.51', '2016-12-30'),
(217, '66.249.76.52', '2016-12-30'),
(218, '66.249.66.15', '2016-12-30'),
(219, '208.91.115.10', '2016-12-31'),
(220, '66.249.76.50', '2016-12-31'),
(221, '66.249.76.52', '2016-12-31'),
(222, '66.249.66.10', '2016-12-31'),
(223, '66.249.66.15', '2017-01-01'),
(224, '85.14.100.154', '2017-01-02'),
(225, '66.249.76.52', '2017-01-02'),
(226, '66.249.66.15', '2017-01-02'),
(227, '66.249.76.50', '2017-01-02'),
(228, '66.249.76.51', '2017-01-02'),
(229, '31.0.125.36', '2017-01-02'),
(230, '66.249.79.157', '2017-01-02'),
(231, '37.248.153.137', '2017-01-02'),
(232, '195.211.23.208', '2017-01-02'),
(233, '37.248.153.137', '2017-01-03'),
(234, '85.14.100.154', '2017-01-03'),
(235, '188.117.181.109', '2017-01-03'),
(236, '94.78.175.3', '2017-01-03'),
(237, '66.249.66.105', '2017-01-03'),
(238, '109.196.48.32', '2017-01-03'),
(239, '66.249.76.50', '2017-01-03'),
(240, '66.249.76.52', '2017-01-03'),
(241, '188.117.181.109', '2017-01-04'),
(242, '66.249.76.50', '2017-01-04'),
(243, '66.249.73.206', '2017-01-04'),
(244, '66.249.65.157', '2017-01-04'),
(245, '66.249.65.149', '2017-01-04'),
(246, '66.249.65.153', '2017-01-04'),
(247, '66.249.65.153', '2017-01-05'),
(248, '188.117.181.109', '2017-01-05'),
(249, '208.91.115.10', '2017-01-05'),
(250, '66.249.65.157', '2017-01-05'),
(251, '66.249.66.103', '2017-01-05'),
(252, '66.249.76.52', '2017-01-05'),
(253, '66.249.66.105', '2017-01-05'),
(254, '66.249.76.50', '2017-01-05'),
(255, '66.249.76.52', '2017-01-06'),
(256, '66.249.76.51', '2017-01-06'),
(257, '66.249.76.50', '2017-01-06'),
(258, '66.249.66.15', '2017-01-06'),
(259, '66.249.66.6', '2017-01-06'),
(260, '66.249.76.52', '2017-01-07'),
(261, '66.249.76.50', '2017-01-07'),
(262, '66.249.66.15', '2017-01-07'),
(263, '66.249.66.6', '2017-01-07'),
(264, '91.234.100.168', '2017-01-07'),
(265, '66.249.64.240', '2017-01-07'),
(266, '66.249.64.244', '2017-01-08'),
(267, '66.249.64.248', '2017-01-08'),
(268, '66.249.66.15', '2017-01-08'),
(269, '66.249.76.52', '2017-01-08'),
(270, '66.249.76.52', '2017-01-09'),
(271, '31.179.7.65', '2017-01-09'),
(272, '188.117.181.109', '2017-01-09'),
(273, '66.249.76.50', '2017-01-09'),
(274, '5.172.232.111', '2017-01-09'),
(275, '207.102.138.158', '2017-01-09'),
(276, '66.249.66.103', '2017-01-09'),
(277, '5.172.235.102', '2017-01-09'),
(278, '94.78.175.3', '2017-01-09'),
(279, '31.13.110.101', '2017-01-09'),
(280, '89.78.97.2', '2017-01-09'),
(281, '188.146.16.221', '2017-01-09'),
(282, '37.248.159.94', '2017-01-09'),
(283, '66.249.69.46', '2017-01-10'),
(284, '37.248.159.94', '2017-01-10'),
(285, '37.47.43.134', '2017-01-10'),
(286, '66.249.69.38', '2017-01-10'),
(287, '5.172.236.108', '2017-01-10'),
(288, '66.249.69.46', '2017-01-11'),
(289, '66.249.69.42', '2017-01-11'),
(290, '5.172.235.63', '2017-01-11'),
(291, '5.172.234.172', '2017-01-11'),
(292, '5.172.234.94', '2017-01-11'),
(293, '66.249.66.103', '2017-01-11'),
(294, '66.249.66.103', '2017-01-12'),
(295, '5.172.238.92', '2017-01-12'),
(296, '188.117.181.109', '2017-01-12'),
(297, '109.196.48.32', '2017-01-12'),
(298, '208.91.115.10', '2017-01-12'),
(299, '31.0.47.105', '2017-01-12'),
(300, '66.249.76.52', '2017-01-13'),
(301, '66.249.66.105', '2017-01-13'),
(302, '91.234.100.168', '2017-01-13'),
(303, '188.117.181.109', '2017-01-13'),
(304, '66.249.76.50', '2017-01-13'),
(305, '66.249.66.107', '2017-01-13'),
(306, '66.249.66.103', '2017-01-13'),
(307, '66.249.76.52', '2017-01-14'),
(308, '158.69.229.6', '2017-01-14'),
(309, '109.196.48.32', '2017-01-14'),
(310, '66.249.66.15', '2017-01-14'),
(311, '66.249.76.51', '2017-01-14'),
(312, '109.243.20.166', '2017-01-14'),
(313, '94.152.156.111', '2017-01-15'),
(314, '37.47.43.199', '2017-01-15'),
(315, '66.249.76.24', '2017-01-15'),
(316, '66.249.76.26', '2017-01-15'),
(317, '66.249.66.15', '2017-01-16'),
(318, '37.248.164.47', '2017-01-16'),
(319, '66.249.79.157', '2017-01-16'),
(320, '188.117.181.109', '2017-01-16'),
(321, '207.102.138.158', '2017-01-16'),
(322, '66.249.79.149', '2017-01-16'),
(323, '64.246.178.34', '2017-01-16'),
(324, '66.249.79.153', '2017-01-16'),
(325, '37.248.154.182', '2017-01-16'),
(326, '66.249.73.201', '2017-01-16'),
(327, '66.249.73.206', '2017-01-17'),
(328, '188.117.181.109', '2017-01-17'),
(329, '66.249.76.50', '2017-01-17'),
(330, '66.249.76.50', '2017-01-18'),
(331, '31.0.121.198', '2017-01-18'),
(332, '83.20.143.137', '2017-01-18'),
(333, '83.27.197.248', '2017-01-18'),
(334, '37.248.159.93', '2017-01-18'),
(335, '66.249.64.244', '2017-01-19'),
(336, '37.248.159.181', '2017-01-19'),
(337, '66.249.75.165', '2017-01-19'),
(338, '66.249.75.169', '2017-01-19'),
(339, '217.99.187.53', '2017-01-19'),
(340, '195.211.23.209', '2017-01-19'),
(341, '176.31.117.198', '2017-01-20'),
(342, '188.117.181.109', '2017-01-20'),
(343, '66.249.75.165', '2017-01-20'),
(344, '66.249.75.173', '2017-01-20'),
(345, '54.159.158.180', '2017-01-20'),
(346, '66.249.75.173', '2017-01-21'),
(347, '66.249.75.169', '2017-01-21'),
(348, '208.91.115.10', '2017-01-21'),
(349, '66.249.75.165', '2017-01-21'),
(350, '146.185.132.124', '2017-01-21'),
(351, '37.47.35.92', '2017-01-21'),
(352, '66.249.64.240', '2017-01-21'),
(353, '217.99.222.101', '2017-01-22'),
(354, '91.234.100.168', '2017-01-22'),
(355, '185.136.92.93', '2017-01-22'),
(356, '37.47.45.14', '2017-01-22'),
(357, '66.249.64.244', '2017-01-23'),
(358, '66.249.64.240', '2017-01-23'),
(359, '109.196.48.32', '2017-01-23'),
(360, '70.88.103.249', '2017-01-23'),
(361, '213.239.206.70', '2017-01-23'),
(362, '51.255.203.106', '2017-01-24'),
(363, '5.172.239.220', '2017-01-24'),
(364, '188.117.181.109', '2017-01-24'),
(365, '94.254.171.172', '2017-01-24'),
(366, '94.254.164.32', '2017-01-24'),
(367, '66.249.64.240', '2017-01-24'),
(368, '5.172.238.111', '2017-01-24'),
(369, '66.249.64.117', '2017-01-24'),
(370, '213.17.114.72', '2017-01-24'),
(371, '66.249.64.41', '2017-01-25'),
(372, '66.249.64.113', '2017-01-25'),
(373, '66.249.64.41', '2017-01-26'),
(374, '66.249.64.39', '2017-01-26'),
(375, '31.0.121.53', '2017-01-26'),
(376, '188.117.181.109', '2017-01-26'),
(377, '66.249.93.154', '2017-01-26'),
(378, '91.234.100.168', '2017-01-26'),
(379, '66.249.64.36', '2017-01-26'),
(380, '66.249.93.153', '2017-01-26'),
(381, '146.185.178.5', '2017-01-26'),
(382, '207.102.138.158', '2017-01-26'),
(383, '66.249.64.113', '2017-01-26'),
(384, '208.91.115.10', '2017-01-26'),
(385, '188.117.181.109', '2017-01-27'),
(386, '91.234.100.168', '2017-01-27'),
(387, '66.249.64.113', '2017-01-27'),
(388, '31.0.42.8', '2017-01-27'),
(389, '31.0.43.187', '2017-01-28'),
(390, '66.249.64.185', '2017-01-28'),
(391, '66.249.64.177', '2017-01-28'),
(392, '176.101.128.202', '2017-01-28'),
(393, '66.249.65.106', '2017-01-28'),
(394, '68.180.229.241', '2017-01-29'),
(395, '66.249.65.106', '2017-01-29'),
(396, '91.234.100.168', '2017-01-29'),
(397, '31.13.113.183', '2017-01-29'),
(398, '176.101.128.14', '2017-01-29'),
(399, '188.117.181.109', '2017-01-30'),
(400, '94.254.131.228', '2017-01-30'),
(401, '37.47.36.114', '2017-01-30'),
(402, '66.249.66.15', '2017-01-30'),
(403, '37.248.153.173', '2017-01-30'),
(404, '37.248.158.98', '2017-01-30'),
(405, '37.248.157.206', '2017-01-31'),
(406, '66.249.66.6', '2017-01-31'),
(407, '83.144.121.162', '2017-01-31'),
(408, '188.117.181.109', '2017-01-31'),
(409, '188.146.12.88', '2017-01-31'),
(410, '95.14.36.202', '2017-01-31'),
(411, '37.248.155.185', '2017-01-31'),
(412, '83.29.77.219', '2017-01-31'),
(413, '188.146.12.88', '2017-02-01'),
(414, '66.249.75.165', '2017-02-01'),
(415, '188.117.181.109', '2017-02-01'),
(416, '37.248.154.90', '2017-02-01'),
(417, '31.13.113.77', '2017-02-01'),
(418, '31.13.109.117', '2017-02-01'),
(419, '5.172.236.83', '2017-02-01'),
(420, '83.26.90.162', '2017-02-01'),
(421, '31.179.7.65', '2017-02-02'),
(422, '5.172.233.54', '2017-02-02'),
(423, '66.249.69.38', '2017-02-02'),
(424, '66.249.69.42', '2017-02-02'),
(425, '66.249.69.46', '2017-02-02'),
(426, '31.0.122.57', '2017-02-03'),
(427, '188.117.181.109', '2017-02-03'),
(428, '37.47.46.162', '2017-02-03'),
(429, '188.146.167.191', '2017-02-03'),
(430, '66.249.93.152', '2017-02-03'),
(431, '66.249.93.153', '2017-02-03'),
(432, '64.246.165.10', '2017-02-03'),
(433, '141.8.142.18', '2017-02-03'),
(434, '66.249.66.10', '2017-02-04'),
(435, '83.6.62.131', '2017-02-04'),
(436, '31.0.126.150', '2017-02-04'),
(437, '45.55.87.146', '2017-02-04'),
(438, '217.99.175.173', '2017-02-04'),
(439, '94.152.156.111', '2017-02-04'),
(440, '94.254.243.217', '2017-02-04'),
(441, '217.99.244.77', '2017-02-04'),
(442, '155.94.144.103', '2017-02-04'),
(443, '141.8.142.18', '2017-02-05'),
(444, '130.193.50.6', '2017-02-05'),
(445, '141.8.132.10', '2017-02-05'),
(446, '31.0.120.161', '2017-02-05'),
(447, '52.212.249.211', '2017-02-05'),
(448, '37.9.122.203', '2017-02-05'),
(449, '5.172.236.57', '2017-02-06'),
(450, '94.254.236.136', '2017-02-06'),
(451, '5.172.234.86', '2017-02-06'),
(452, '77.115.76.230', '2017-02-06'),
(453, '5.172.234.86', '2017-02-07'),
(454, '188.117.181.109', '2017-02-07'),
(455, '127.0.0.1', '2017-02-07'),
(456, '188.117.181.109', '2017-02-08'),
(457, '66.249.64.240', '2017-02-08'),
(458, '5.172.238.57', '2017-02-08'),
(459, '94.23.252.175', '2017-02-09'),
(460, '31.0.120.224', '2017-02-09'),
(461, '66.249.93.154', '2017-02-10'),
(462, '66.249.93.152', '2017-02-10'),
(463, '188.117.181.109', '2017-02-10'),
(464, '80.55.115.201', '2017-02-10'),
(465, '37.47.37.215', '2017-02-10'),
(466, '66.249.64.244', '2017-02-11'),
(467, '66.249.64.248', '2017-02-11'),
(468, '66.249.64.240', '2017-02-11'),
(469, '69.58.178.59', '2017-02-11'),
(470, '109.63.183.74', '2017-02-11'),
(471, '94.254.241.48', '2017-02-11'),
(472, '78.46.21.97', '2017-02-12'),
(473, '109.173.32.114', '2017-02-12'),
(474, '54.179.186.116', '2017-02-12'),
(475, '37.47.232.116', '2017-02-13'),
(476, '31.0.125.193', '2017-02-13'),
(477, '45.55.218.254', '2017-02-13'),
(478, '31.0.127.13', '2017-02-14'),
(479, '31.0.126.160', '2017-02-15'),
(480, '5.172.233.221', '2017-02-16'),
(481, '195.211.23.220', '2017-02-16'),
(482, '188.117.181.109', '2017-02-16'),
(483, '66.249.79.149', '2017-02-16'),
(484, '83.14.157.142', '2017-02-16'),
(485, '188.117.181.109', '2017-02-17'),
(486, '89.227.204.239', '2017-02-17'),
(487, '176.31.117.198', '2017-02-18'),
(488, '77.244.213.197', '2017-02-19'),
(489, '66.249.64.240', '2017-02-20'),
(490, '24.89.142.109', '2017-02-20'),
(491, '66.249.65.109', '2017-02-21'),
(492, '188.117.181.109', '2017-02-21'),
(493, '64.246.165.180', '2017-02-21'),
(494, '66.249.64.248', '2017-02-22'),
(495, '138.197.88.169', '2017-02-23'),
(496, '188.117.181.109', '2017-02-24'),
(497, '94.152.156.111', '2017-02-24'),
(498, '95.85.31.62', '2017-02-24'),
(499, '50.16.79.246', '2017-02-25'),
(500, '91.227.68.154', '2017-02-25'),
(501, '157.55.39.199', '2017-02-26'),
(502, '142.4.218.156', '2017-02-27'),
(503, '5.172.235.142', '2017-02-28'),
(504, '188.165.200.217', '2017-03-01'),
(505, '185.89.217.234', '2017-03-02'),
(506, '37.248.153.109', '2017-03-02'),
(507, '37.248.153.103', '2017-03-02'),
(508, '188.117.181.109', '2017-03-03'),
(509, '207.46.13.116', '2017-03-04'),
(510, '207.46.13.20', '2017-03-05'),
(511, '54.198.122.12', '2017-03-05'),
(512, '188.165.200.217', '2017-03-05'),
(513, '188.117.181.109', '2017-03-06'),
(514, '84.38.129.31', '2017-03-07'),
(515, '188.117.181.109', '2017-03-07'),
(516, '217.99.174.14', '2017-03-07'),
(517, '37.7.247.22', '2017-03-07'),
(518, '217.17.45.225', '2017-03-08'),
(519, '188.146.6.158', '2017-03-08'),
(520, '188.165.200.217', '2017-03-09'),
(521, '66.249.76.25', '2017-03-09'),
(522, '66.249.66.15', '2017-03-11'),
(523, '52.31.138.175', '2017-03-11'),
(524, '216.145.11.94', '2017-03-11'),
(525, '66.249.66.6', '2017-03-12'),
(526, '188.165.200.217', '2017-03-12'),
(527, '5.172.234.238', '2017-03-13'),
(528, '91.230.222.12', '2017-03-13'),
(529, '188.146.147.132', '2017-03-13'),
(530, '94.23.89.151', '2017-03-13'),
(531, '66.249.93.52', '2017-03-13'),
(532, '66.249.93.56', '2017-03-13'),
(533, '69.30.234.90', '2017-03-13'),
(534, '128.30.52.72', '2017-03-13'),
(535, '128.30.52.64', '2017-03-13'),
(536, '128.30.52.134', '2017-03-13'),
(537, '128.30.52.73', '2017-03-13'),
(538, '128.30.52.66', '2017-03-13'),
(539, '104.131.67.60', '2017-03-13'),
(540, '66.249.66.15', '2017-03-14'),
(541, '66.249.76.50', '2017-03-14'),
(542, '217.17.45.225', '2017-03-15'),
(543, '31.179.7.65', '2017-03-15'),
(544, '188.165.200.217', '2017-03-15'),
(545, '66.249.64.181', '2017-03-15'),
(546, '207.46.13.70', '2017-03-15'),
(547, '84.3.172.165', '2017-03-16'),
(548, '40.77.167.135', '2017-03-16'),
(549, '213.227.88.32', '2017-03-16'),
(550, '213.227.95.73', '2017-03-16'),
(551, '46.134.22.228', '2017-03-16'),
(552, '31.0.64.123', '2017-03-16'),
(553, '31.178.114.173', '2017-03-16'),
(554, '195.150.224.97', '2017-03-16'),
(555, '94.152.156.111', '2017-03-16'),
(556, '157.55.39.241', '2017-03-16'),
(557, '188.117.181.109', '2017-03-17'),
(558, '146.185.148.33', '2017-03-17'),
(559, '66.249.69.248', '2017-03-17'),
(560, '157.55.39.233', '2017-03-18'),
(561, '91.234.100.184', '2017-03-18'),
(562, '31.0.35.54', '2017-03-18'),
(563, '37.47.4.198', '2017-03-18'),
(564, '94.23.252.175', '2017-03-19'),
(565, '188.165.200.217', '2017-03-19'),
(566, '37.47.14.215', '2017-03-19'),
(567, '89.78.97.2', '2017-03-19'),
(568, '138.68.173.206', '2017-03-19'),
(569, '91.234.100.184', '2017-03-19'),
(570, '89.78.97.2', '2017-03-20'),
(571, '188.117.181.109', '2017-03-20'),
(572, '66.102.9.157', '2017-03-20'),
(573, '66.102.9.155', '2017-03-20'),
(574, '176.31.117.198', '2017-03-20'),
(575, '138.68.171.58', '2017-03-20'),
(576, '31.179.7.65', '2017-03-20'),
(577, '66.249.93.18', '2017-03-20'),
(578, '31.179.7.65', '2017-03-21'),
(579, '66.102.9.155', '2017-03-21'),
(580, '213.227.95.100', '2017-03-21'),
(581, '66.102.9.153', '2017-03-21'),
(582, '66.249.93.20', '2017-03-22'),
(583, '5.172.239.21', '2017-03-22'),
(584, '188.165.200.217', '2017-03-22'),
(585, '5.172.237.31', '2017-03-23'),
(586, '104.131.75.115', '2017-03-23'),
(587, '188.146.7.131', '2017-03-23'),
(588, '37.47.37.106', '2017-03-23'),
(589, '31.178.114.173', '2017-03-23'),
(590, '31.179.7.65', '2017-03-23'),
(591, '5.172.233.39', '2017-03-23'),
(592, '69.58.178.59', '2017-03-23'),
(593, '66.102.9.153', '2017-03-23'),
(594, '5.172.235.161', '2017-03-24'),
(595, '188.117.181.109', '2017-03-24'),
(596, '109.196.48.32', '2017-03-24'),
(597, '188.165.200.217', '2017-03-24'),
(598, '66.102.9.157', '2017-03-25'),
(599, '172.113.240.176', '2017-03-25'),
(600, '91.234.100.184', '2017-03-25'),
(601, '54.159.148.171', '2017-03-25'),
(602, '82.165.74.224', '2017-03-25'),
(603, '66.102.9.155', '2017-03-26'),
(604, '172.113.240.176', '2017-03-26'),
(605, '188.165.200.217', '2017-03-26'),
(606, '172.113.240.176', '2017-03-27'),
(607, '148.81.194.141', '2017-03-27'),
(608, '188.117.181.109', '2017-03-27'),
(609, '66.102.9.155', '2017-03-27'),
(610, '66.249.66.10', '2017-03-27'),
(611, '207.46.13.119', '2017-03-27'),
(612, '66.102.9.153', '2017-03-28'),
(613, '5.172.236.120', '2017-03-28'),
(614, '66.102.9.157', '2017-03-28'),
(615, '188.117.181.109', '2017-03-28'),
(616, '31.179.7.65', '2017-03-28'),
(617, '66.102.9.155', '2017-03-28'),
(618, '109.196.48.32', '2017-03-28'),
(619, '31.0.125.160', '2017-03-29'),
(620, '188.165.200.217', '2017-03-29'),
(621, '66.102.9.153', '2017-03-29'),
(622, '66.102.9.155', '2017-03-29'),
(623, '88.99.148.40', '2017-03-29'),
(624, '31.179.7.65', '2017-03-29'),
(625, '109.196.48.32', '2017-03-29'),
(626, '66.249.65.153', '2017-03-29'),
(627, '64.246.161.30', '2017-03-29'),
(628, '54.85.2.157', '2017-03-30'),
(629, '158.69.225.33', '2017-03-30'),
(630, '73.73.206.122', '2017-03-30'),
(631, '188.117.181.109', '2017-03-30'),
(632, '66.102.9.155', '2017-03-30'),
(633, '66.249.93.19', '2017-03-30'),
(634, '5.172.239.146', '2017-03-30'),
(635, '188.117.181.109', '2017-03-31'),
(636, '109.196.48.32', '2017-03-31'),
(637, '5.172.233.239', '2017-04-01'),
(638, '104.131.50.243', '2017-04-01'),
(639, '66.249.76.50', '2017-04-01'),
(640, '188.165.200.217', '2017-04-01'),
(641, '66.102.9.157', '2017-04-01'),
(642, '91.234.100.184', '2017-04-02'),
(643, '94.209.237.27', '2017-04-03'),
(644, '66.249.93.20', '2017-04-03'),
(645, '66.249.93.18', '2017-04-03'),
(646, '188.117.181.109', '2017-04-03'),
(647, '37.248.152.16', '2017-04-03'),
(648, '68.180.229.42', '2017-04-03'),
(649, '188.146.129.139', '2017-04-03'),
(650, '87.210.198.53', '2017-04-03'),
(651, '68.180.229.42', '2017-04-04'),
(652, '5.172.232.183', '2017-04-04'),
(653, '188.117.181.109', '2017-04-04'),
(654, '66.249.93.19', '2017-04-04'),
(655, '66.249.93.18', '2017-04-04'),
(656, '66.102.9.157', '2017-04-04'),
(657, '5.172.233.96', '2017-04-04'),
(658, '109.196.48.32', '2017-04-04'),
(659, '40.77.167.53', '2017-04-05'),
(660, '66.102.9.155', '2017-04-05'),
(661, '66.249.93.19', '2017-04-05'),
(662, '66.249.93.20', '2017-04-05'),
(663, '188.117.181.109', '2017-04-05'),
(664, '66.249.76.51', '2017-04-05'),
(665, '188.165.200.217', '2017-04-05'),
(666, '94.152.156.111', '2017-04-05'),
(667, '141.8.142.18', '2017-04-05'),
(668, '141.8.183.19', '2017-04-05'),
(669, '95.108.213.14', '2017-04-05'),
(670, '66.249.93.19', '2017-04-06'),
(671, '31.179.7.65', '2017-04-06'),
(672, '37.47.192.169', '2017-04-06'),
(673, '5.172.236.19', '2017-04-06'),
(674, '188.117.181.109', '2017-04-07'),
(675, '37.47.10.53', '2017-04-07'),
(676, '66.249.93.20', '2017-04-07'),
(677, '66.249.93.19', '2017-04-07'),
(678, '37.47.33.93', '2017-04-07'),
(679, '91.234.100.184', '2017-04-08'),
(680, '46.134.173.244', '2017-04-08'),
(681, '94.254.146.222', '2017-04-08'),
(682, '52.16.114.248', '2017-04-08'),
(683, '192.162.102.111', '2017-04-08'),
(684, '66.249.93.20', '2017-04-08'),
(685, '188.165.200.217', '2017-04-09'),
(686, '66.102.9.153', '2017-04-09'),
(687, '66.102.9.54', '2017-04-09'),
(688, '66.102.9.16', '2017-04-09'),
(689, '66.249.93.56', '2017-04-09'),
(690, '66.249.93.18', '2017-04-09'),
(691, '91.234.100.184', '2017-04-09'),
(692, '91.234.100.168', '2017-04-09'),
(693, '188.117.181.109', '2017-04-10'),
(694, '54.233.180.172', '2017-04-10'),
(695, '91.230.222.12', '2017-04-10'),
(696, '66.249.93.19', '2017-04-10'),
(697, '66.249.93.20', '2017-04-10'),
(698, '5.172.238.86', '2017-04-10'),
(699, '5.172.234.179', '2017-04-10'),
(700, '188.146.3.5', '2017-04-10'),
(701, '109.196.48.32', '2017-04-10'),
(702, '141.8.142.18', '2017-04-11'),
(703, '141.8.183.19', '2017-04-11'),
(704, '91.230.222.12', '2017-04-11'),
(705, '66.249.93.18', '2017-04-11'),
(706, '66.249.93.20', '2017-04-11'),
(707, '188.117.181.109', '2017-04-11'),
(708, '5.172.236.107', '2017-04-11'),
(709, '89.78.97.2', '2017-04-11'),
(710, '188.117.181.109', '2017-04-12'),
(711, '217.17.45.225', '2017-04-12'),
(712, '66.249.65.109', '2017-04-12'),
(713, '188.165.200.217', '2017-04-12'),
(714, '66.249.93.20', '2017-04-12'),
(715, '66.249.76.157', '2017-04-12'),
(716, '174.34.135.242', '2017-04-13'),
(717, '69.58.178.56', '2017-04-13'),
(718, '109.196.48.32', '2017-04-13'),
(719, '66.249.76.149', '2017-04-13'),
(720, '66.249.66.41', '2017-04-13'),
(721, '66.249.76.153', '2017-04-13'),
(722, '66.249.66.44', '2017-04-13'),
(723, '66.249.76.151', '2017-04-13'),
(724, '66.249.66.38', '2017-04-13'),
(725, '91.234.100.168', '2017-04-13'),
(726, '217.17.45.225', '2017-04-13'),
(727, '66.249.93.19', '2017-04-13'),
(728, '31.179.7.65', '2017-04-13'),
(729, '188.117.181.109', '2017-04-13'),
(730, '31.0.33.228', '2017-04-13'),
(731, '188.146.3.5', '2017-04-13'),
(732, '162.243.98.169', '2017-04-14'),
(733, '162.243.223.125', '2017-04-14'),
(734, '66.249.66.41', '2017-04-14'),
(735, '66.249.66.44', '2017-04-14'),
(736, '62.210.101.96', '2017-04-14'),
(737, '109.196.48.32', '2017-04-14'),
(738, '188.117.181.109', '2017-04-14'),
(739, '51.255.173.85', '2017-04-14'),
(740, '66.249.76.151', '2017-04-14'),
(741, '91.234.100.168', '2017-04-14'),
(742, '46.134.127.190', '2017-04-14'),
(743, '66.249.93.18', '2017-04-14'),
(744, '5.172.238.5', '2017-04-14'),
(745, '162.243.197.221', '2017-04-14'),
(746, '46.4.58.130', '2017-04-14'),
(747, '31.0.123.87', '2017-04-14'),
(748, '31.0.123.87', '2017-04-15'),
(749, '66.102.9.155', '2017-04-15'),
(750, '66.249.93.20', '2017-04-15'),
(751, '66.249.93.19', '2017-04-15'),
(752, '109.196.48.32', '2017-04-15'),
(753, '188.165.200.217', '2017-04-15'),
(754, '66.249.76.149', '2017-04-16'),
(755, '216.145.17.190', '2017-04-16'),
(756, '66.249.66.18', '2017-04-16'),
(757, '66.249.93.27', '2017-04-16'),
(758, '54.83.78.35', '2017-04-17'),
(759, '5.172.236.13', '2017-04-17'),
(760, '66.249.93.19', '2017-04-17'),
(761, '66.249.93.20', '2017-04-17'),
(762, '5.172.238.174', '2017-04-17'),
(763, '37.47.5.195', '2017-04-17'),
(764, '37.248.152.151', '2017-04-17'),
(765, '66.249.76.50', '2017-04-18'),
(766, '37.248.152.151', '2017-04-18'),
(767, '66.249.93.19', '2017-04-18'),
(768, '52.207.249.110', '2017-04-18'),
(769, '89.234.68.77', '2017-04-18'),
(770, '66.249.66.21', '2017-04-18'),
(771, '68.180.229.178', '2017-04-18'),
(772, '158.69.228.184', '2017-04-19'),
(773, '188.165.200.217', '2017-04-19'),
(774, '66.249.76.151', '2017-04-19'),
(775, '188.117.181.109', '2017-04-19'),
(776, '89.77.41.73', '2017-04-19'),
(777, '31.42.11.251', '2017-04-19'),
(778, '176.31.117.198', '2017-04-19'),
(779, '127.0.0.1', '2017-04-19'),
(780, '66.249.93.18', '2017-04-19'),
(781, '66.249.93.19', '2017-04-19'),
(782, '37.47.5.195', '2017-04-19'),
(783, '94.199.151.22', '2017-04-20'),
(784, '94.23.252.175', '2017-04-20'),
(785, '66.249.93.18', '2017-04-20'),
(786, '37.248.158.153', '2017-04-20'),
(787, '66.249.66.24', '2017-04-20'),
(788, '188.117.181.109', '2017-04-20'),
(789, '188.146.3.5', '2017-04-20'),
(790, '66.249.76.153', '2017-04-20'),
(791, '104.236.98.133', '2017-04-20'),
(792, '66.102.6.155', '2017-04-20'),
(793, '66.102.6.89', '2017-04-20'),
(794, '162.210.196.129', '2017-04-20'),
(795, '66.249.66.21', '2017-04-21'),
(796, '188.117.181.109', '2017-04-21'),
(797, '188.146.3.5', '2017-04-21'),
(798, '31.42.11.251', '2017-04-21'),
(799, '66.249.93.20', '2017-04-21'),
(800, '66.249.93.19', '2017-04-21'),
(801, '109.196.48.32', '2017-04-21'),
(802, '46.118.156.191', '2017-04-21'),
(803, '66.249.76.149', '2017-04-22'),
(804, '66.249.93.19', '2017-04-22'),
(805, '188.165.200.217', '2017-04-22'),
(806, '109.196.48.32', '2017-04-22'),
(807, '199.58.86.206', '2017-04-23'),
(808, '66.249.66.24', '2017-04-23'),
(809, '66.249.65.69', '2017-04-23'),
(810, '66.249.93.18', '2017-04-23'),
(811, '66.249.93.20', '2017-04-23'),
(812, '109.196.48.32', '2017-04-23'),
(813, '31.179.7.65', '2017-04-23'),
(814, '31.0.121.77', '2017-04-23'),
(815, '31.0.120.93', '2017-04-23'),
(816, '89.78.97.2', '2017-04-23'),
(817, '78.47.86.132', '2017-04-24'),
(818, '46.166.139.150', '2017-04-24'),
(819, '141.8.142.18', '2017-04-24'),
(820, '31.0.123.194', '2017-04-24'),
(821, '66.249.93.18', '2017-04-24'),
(822, '66.249.93.20', '2017-04-24'),
(823, '193.239.56.74', '2017-04-24'),
(824, '37.47.160.81', '2017-04-24'),
(825, '85.221.204.138', '2017-04-24'),
(826, '46.175.234.116', '2017-04-24'),
(827, '104.132.162.64', '2017-04-24'),
(828, '66.249.88.23', '2017-04-24'),
(829, '66.102.8.27', '2017-04-24'),
(830, '46.215.24.53', '2017-04-24'),
(831, '83.21.236.121', '2017-04-24'),
(832, '31.0.121.218', '2017-04-25'),
(833, '46.175.234.116', '2017-04-25'),
(834, '66.249.79.178', '2017-04-25'),
(835, '89.231.0.122', '2017-04-25'),
(836, '66.249.93.152', '2017-04-25'),
(837, '94.152.156.111', '2017-04-25'),
(838, '188.226.138.236', '2017-04-25'),
(839, '188.165.200.217', '2017-04-25'),
(840, '66.249.76.6', '2017-04-26'),
(841, '69.63.188.196', '2017-04-26'),
(842, '188.117.181.109', '2017-04-26'),
(843, '212.180.184.3', '2017-04-26'),
(844, '66.249.93.154', '2017-04-26'),
(845, '66.249.93.153', '2017-04-26'),
(846, '83.238.86.34', '2017-04-26'),
(847, '83.238.136.186', '2017-04-26'),
(848, '23.101.61.176', '2017-04-26'),
(849, '188.137.49.85', '2017-04-26'),
(850, '91.197.15.38', '2017-04-26'),
(851, '104.45.18.178', '2017-04-26'),
(852, '83.238.134.61', '2017-04-26'),
(853, '212.180.184.14', '2017-04-26'),
(854, '109.196.48.32', '2017-04-26'),
(855, '81.190.109.39', '2017-04-26'),
(856, '188.117.181.109', '2017-04-27'),
(857, '5.184.236.174', '2017-04-27'),
(858, '66.102.9.155', '2017-04-27'),
(859, '83.238.86.34', '2017-04-27'),
(860, '66.249.93.152', '2017-04-27'),
(861, '66.249.93.154', '2017-04-27'),
(862, '157.55.39.227', '2017-04-27'),
(863, '188.117.181.109', '2017-04-28'),
(864, '66.249.76.149', '2017-04-28'),
(865, '66.249.93.18', '2017-04-28'),
(866, '66.249.93.20', '2017-04-28'),
(867, '188.165.200.217', '2017-04-29'),
(868, '66.249.76.149', '2017-04-29'),
(869, '146.185.172.15', '2017-04-29'),
(870, '66.249.93.19', '2017-04-29'),
(871, '66.249.93.25', '2017-04-29'),
(872, '141.8.142.18', '2017-04-29'),
(873, '141.8.183.19', '2017-04-29'),
(874, '104.236.102.153', '2017-04-30'),
(875, '180.76.15.145', '2017-04-30'),
(876, '141.8.142.18', '2017-04-30'),
(877, '66.249.93.25', '2017-04-30'),
(878, '66.249.76.51', '2017-05-01'),
(879, '54.161.8.205', '2017-05-01'),
(880, '66.249.69.236', '2017-05-01'),
(881, '141.8.142.18', '2017-05-01'),
(882, '158.69.225.36', '2017-05-02'),
(883, '66.249.76.151', '2017-05-02'),
(884, '188.165.200.217', '2017-05-02'),
(885, '66.249.93.20', '2017-05-02'),
(886, '66.249.93.19', '2017-05-02'),
(887, '109.196.48.32', '2017-05-02'),
(888, '66.249.76.50', '2017-05-03'),
(889, '66.249.93.18', '2017-05-03'),
(890, '46.165.197.142', '2017-05-03'),
(891, '180.76.15.149', '2017-05-03'),
(892, '64.246.165.170', '2017-05-03'),
(893, '141.8.142.18', '2017-05-03'),
(894, '66.249.93.19', '2017-05-04'),
(895, '107.170.99.170', '2017-05-04'),
(896, '185.79.33.145', '2017-05-04'),
(897, '107.170.98.100', '2017-05-04'),
(898, '208.43.225.84', '2017-05-04'),
(899, '180.76.15.155', '2017-05-05'),
(900, '66.249.93.19', '2017-05-05'),
(901, '54.160.166.243', '2017-05-05'),
(902, '54.211.90.76', '2017-05-05'),
(903, '174.129.172.147', '2017-05-05'),
(904, '54.91.251.164', '2017-05-05'),
(905, '50.16.47.40', '2017-05-05'),
(906, '184.72.179.208', '2017-05-05'),
(907, '188.165.200.217', '2017-05-05'),
(908, '66.249.93.20', '2017-05-05'),
(909, '66.249.66.41', '2017-05-06'),
(910, '180.76.15.12', '2017-05-06'),
(911, '66.249.76.52', '2017-05-06'),
(912, '66.249.66.26', '2017-05-06'),
(913, '66.249.76.44', '2017-05-06'),
(914, '66.249.76.46', '2017-05-06'),
(915, '66.249.76.47', '2017-05-06'),
(916, '66.249.66.29', '2017-05-06'),
(917, '157.55.39.50', '2017-05-06'),
(918, '66.249.76.51', '2017-05-06'),
(919, '66.249.93.18', '2017-05-06'),
(920, '66.249.76.50', '2017-05-07'),
(921, '141.8.142.18', '2017-05-07'),
(922, '66.249.93.153', '2017-05-08'),
(923, '180.76.15.153', '2017-05-08'),
(924, '188.165.200.217', '2017-05-08'),
(925, '180.76.15.10', '2017-05-08'),
(926, '180.76.15.146', '2017-05-08'),
(927, '180.76.15.19', '2017-05-08'),
(928, '66.249.76.24', '2017-05-09'),
(929, '66.249.76.25', '2017-05-09'),
(930, '207.46.13.6', '2017-05-09'),
(931, '162.210.196.129', '2017-05-09'),
(932, '66.249.76.26', '2017-05-09'),
(933, '66.249.73.206', '2017-05-09'),
(934, '66.249.93.152', '2017-05-09'),
(935, '104.45.18.178', '2017-05-09'),
(936, '85.221.204.138', '2017-05-09'),
(937, '109.196.48.32', '2017-05-09'),
(938, '66.249.93.152', '2017-05-10'),
(939, '66.249.76.24', '2017-05-10'),
(940, '66.249.76.15', '2017-05-10'),
(941, '66.249.76.24', '2017-05-11'),
(942, '66.249.69.2', '2017-05-11'),
(943, '66.249.69.10', '2017-05-11'),
(944, '66.249.76.25', '2017-05-11'),
(945, '66.249.69.50', '2017-05-11'),
(946, '31.179.7.65', '2017-05-11'),
(947, '66.249.76.26', '2017-05-11'),
(948, '157.55.39.105', '2017-05-11'),
(949, '66.249.93.152', '2017-05-11'),
(950, '91.197.15.38', '2017-05-11'),
(951, '66.249.69.6', '2017-05-11'),
(952, '180.76.15.12', '2017-05-11'),
(953, '66.249.66.24', '2017-05-11'),
(954, '66.249.66.21', '2017-05-11'),
(955, '66.249.66.18', '2017-05-11'),
(956, '66.249.66.32', '2017-05-12'),
(957, '188.165.200.217', '2017-05-12'),
(958, '66.249.76.15', '2017-05-12'),
(959, '180.76.15.17', '2017-05-13'),
(960, '66.249.76.44', '2017-05-13'),
(961, '66.249.76.52', '2017-05-13'),
(962, '66.249.76.151', '2017-05-14'),
(963, '40.77.167.145', '2017-05-14'),
(964, '157.55.39.207', '2017-05-14'),
(965, '66.102.9.157', '2017-05-14'),
(966, '159.203.162.137', '2017-05-14'),
(967, '159.203.127.151', '2017-05-14'),
(968, '91.234.100.184', '2017-05-14'),
(969, '45.55.223.66', '2017-05-15'),
(970, '45.55.248.114', '2017-05-15'),
(971, '45.55.191.233', '2017-05-15'),
(972, '66.249.93.154', '2017-05-15'),
(973, '188.165.200.217', '2017-05-15'),
(974, '188.146.0.253', '2017-05-15'),
(975, '188.117.181.109', '2017-05-15'),
(976, '94.152.156.111', '2017-05-15'),
(977, '180.76.15.149', '2017-05-15'),
(978, '208.43.225.84', '2017-05-16'),
(979, '208.43.225.85', '2017-05-16'),
(980, '167.114.243.147', '2017-05-16'),
(981, '85.221.204.138', '2017-05-16'),
(982, '66.249.93.152', '2017-05-16'),
(983, '134.249.120.217', '2017-05-16'),
(984, '207.46.13.76', '2017-05-16'),
(985, '180.76.15.161', '2017-05-16'),
(986, '108.59.8.80', '2017-05-16'),
(987, '85.221.204.138', '2017-05-17'),
(988, '66.249.93.19', '2017-05-17'),
(989, '85.221.204.138', '2017-05-18'),
(990, '66.249.79.187', '2017-05-18'),
(991, '188.165.200.217', '2017-05-18'),
(992, '66.249.93.20', '2017-05-19'),
(993, '54.233.108.160', '2017-05-19'),
(994, '180.76.15.18', '2017-05-20'),
(995, '162.243.252.191', '2017-05-20'),
(996, '162.243.246.198', '2017-05-20'),
(997, '104.236.89.15', '2017-05-20'),
(998, '66.249.66.26', '2017-05-20'),
(999, '180.76.15.9', '2017-05-21'),
(1000, '208.43.225.85', '2017-05-21'),
(1001, '81.209.177.189', '2017-05-21'),
(1002, '69.58.178.57', '2017-05-21'),
(1003, '66.249.76.52', '2017-05-21'),
(1004, '66.249.93.19', '2017-05-21'),
(1005, '188.165.200.217', '2017-05-22'),
(1006, '66.249.76.54', '2017-05-22'),
(1007, '66.249.76.55', '2017-05-22'),
(1008, '180.76.15.8', '2017-05-22'),
(1009, '64.246.165.10', '2017-05-23'),
(1010, '66.249.76.52', '2017-05-23'),
(1011, '66.249.93.18', '2017-05-23'),
(1012, '180.76.15.162', '2017-05-23'),
(1013, '66.249.76.55', '2017-05-24'),
(1014, '66.249.66.32', '2017-05-24'),
(1015, '66.249.66.24', '2017-05-24'),
(1016, '109.196.48.32', '2017-05-24'),
(1017, '188.117.181.109', '2017-05-24'),
(1018, '66.249.93.20', '2017-05-24'),
(1019, '180.76.15.150', '2017-05-24'),
(1020, '91.146.240.147', '2017-05-24'),
(1021, '176.31.117.198', '2017-05-24'),
(1022, '85.221.204.138', '2017-05-24'),
(1023, '188.165.200.217', '2017-05-24'),
(1024, '162.210.196.98', '2017-05-25'),
(1025, '66.249.76.44', '2017-05-25'),
(1026, '66.249.76.54', '2017-05-25'),
(1027, '91.146.240.147', '2017-05-25'),
(1028, '66.249.93.19', '2017-05-25'),
(1029, '66.249.76.51', '2017-05-25'),
(1030, '180.76.15.157', '2017-05-25'),
(1031, '66.249.76.50', '2017-05-25'),
(1032, '77.244.213.197', '2017-05-26'),
(1033, '66.249.73.197', '2017-05-26'),
(1034, '66.249.73.195', '2017-05-26'),
(1035, '188.117.181.109', '2017-05-26'),
(1036, '174.138.57.43', '2017-05-26'),
(1037, '138.197.70.12', '2017-05-26'),
(1038, '66.249.75.16', '2017-05-27'),
(1039, '66.102.9.155', '2017-05-27'),
(1040, '174.138.57.232', '2017-05-27'),
(1041, '104.236.126.240', '2017-05-27'),
(1042, '208.43.225.85', '2017-05-27'),
(1043, '63.243.252.145', '2017-05-27'),
(1044, '188.165.200.217', '2017-05-28'),
(1045, '62.138.14.41', '2017-05-28'),
(1046, '66.102.9.157', '2017-05-28'),
(1047, '66.249.76.52', '2017-05-28'),
(1048, '180.76.15.146', '2017-05-28'),
(1049, '180.76.15.5', '2017-05-29'),
(1050, '180.76.15.138', '2017-05-29'),
(1051, '37.248.153.158', '2017-05-29'),
(1052, '66.249.93.19', '2017-05-29'),
(1053, '69.63.188.222', '2017-05-29'),
(1054, '85.221.204.138', '2017-05-29'),
(1055, '31.0.123.109', '2017-05-29'),
(1056, '81.209.177.189', '2017-05-29'),
(1057, '81.209.177.136', '2017-05-29'),
(1058, '159.203.85.39', '2017-05-29'),
(1059, '188.117.181.109', '2017-05-30'),
(1060, '31.0.123.109', '2017-05-30'),
(1061, '85.221.204.138', '2017-05-30'),
(1062, '66.249.93.19', '2017-05-30'),
(1063, '66.102.9.157', '2017-05-30'),
(1064, '91.230.222.12', '2017-05-30'),
(1065, '173.252.98.23', '2017-05-30'),
(1066, '54.84.4.193', '2017-05-30'),
(1067, '31.0.125.185', '2017-05-30'),
(1068, '188.165.200.217', '2017-05-31'),
(1069, '217.182.132.87', '2017-05-31'),
(1070, '109.196.48.32', '2017-05-31'),
(1071, '31.0.125.185', '2017-05-31'),
(1072, '85.221.204.138', '2017-05-31'),
(1073, '66.249.93.15', '2017-05-31'),
(1074, '89.64.13.106', '2017-05-31'),
(1075, '66.249.64.220', '2017-05-31'),
(1076, '66.249.66.93', '2017-05-31'),
(1077, '66.249.76.44', '2017-05-31'),
(1078, '180.76.15.17', '2017-06-01'),
(1079, '66.249.76.46', '2017-06-01'),
(1080, '66.249.76.44', '2017-06-01'),
(1081, '66.249.76.47', '2017-06-01'),
(1082, '188.117.181.109', '2017-06-01'),
(1083, '40.77.167.106', '2017-06-01'),
(1084, '66.102.9.153', '2017-06-01'),
(1085, '66.249.76.44', '2017-06-02'),
(1086, '199.58.86.209', '2017-06-02'),
(1087, '66.249.76.47', '2017-06-02'),
(1088, '66.102.9.155', '2017-06-02'),
(1089, '163.172.74.104', '2017-06-02'),
(1090, '180.76.15.31', '2017-06-02'),
(1091, '66.249.76.47', '2017-06-03'),
(1092, '66.249.66.19', '2017-06-03'),
(1093, '180.76.15.148', '2017-06-03'),
(1094, '46.165.197.142', '2017-06-03'),
(1095, '66.249.76.47', '2017-06-04'),
(1096, '66.249.76.44', '2017-06-04'),
(1097, '40.77.167.61', '2017-06-04'),
(1098, '162.210.196.100', '2017-06-04'),
(1099, '66.249.66.17', '2017-06-04'),
(1100, '180.76.15.158', '2017-06-04'),
(1101, '66.249.76.44', '2017-06-05'),
(1102, '66.249.76.46', '2017-06-05'),
(1103, '54.81.42.41', '2017-06-05'),
(1104, '66.249.93.13', '2017-06-05'),
(1105, '141.8.142.18', '2017-06-05'),
(1106, '188.117.181.109', '2017-06-05'),
(1107, '104.45.18.178', '2017-06-05'),
(1108, '23.101.61.176', '2017-06-05'),
(1109, '31.179.7.65', '2017-06-05'),
(1110, '66.249.76.47', '2017-06-05'),
(1111, '46.165.197.141', '2017-06-05'),
(1112, '180.76.15.14', '2017-06-05'),
(1113, '208.43.225.84', '2017-06-06'),
(1114, '66.249.66.17', '2017-06-06'),
(1115, '66.249.76.49', '2017-06-06'),
(1116, '66.249.76.46', '2017-06-06'),
(1117, '66.249.76.44', '2017-06-06'),
(1118, '66.249.66.21', '2017-06-06'),
(1119, '66.249.76.47', '2017-06-06'),
(1120, '162.210.196.130', '2017-06-06'),
(1121, '94.251.225.148', '2017-06-06'),
(1122, '141.8.142.18', '2017-06-07'),
(1123, '141.8.183.19', '2017-06-07'),
(1124, '85.221.204.138', '2017-06-07'),
(1125, '199.58.86.209', '2017-06-07'),
(1126, '66.102.6.81', '2017-06-07'),
(1127, '66.249.90.96', '2017-06-07'),
(1128, '66.249.90.127', '2017-06-07'),
(1129, '66.249.90.126', '2017-06-07'),
(1130, '66.102.9.157', '2017-06-07'),
(1131, '66.102.6.80', '2017-06-07'),
(1132, '104.132.20.73', '2017-06-07'),
(1133, '104.132.20.67', '2017-06-07'),
(1134, '104.132.20.91', '2017-06-07'),
(1135, '104.132.20.75', '2017-06-07'),
(1136, '104.132.20.78', '2017-06-07'),
(1137, '104.132.20.76', '2017-06-07'),
(1138, '31.0.33.212', '2017-06-07'),
(1139, '104.132.20.92', '2017-06-07'),
(1140, '109.95.90.197', '2017-06-07'),
(1141, '62.122.121.119', '2017-06-08'),
(1142, '141.8.142.18', '2017-06-08'),
(1143, '66.249.76.44', '2017-06-08'),
(1144, '66.249.76.47', '2017-06-08'),
(1145, '66.249.76.46', '2017-06-08'),
(1146, '178.154.200.20', '2017-06-08'),
(1147, '141.8.132.10', '2017-06-08'),
(1148, '66.249.75.18', '2017-06-08'),
(1149, '37.248.155.229', '2017-06-08'),
(1150, '66.249.75.17', '2017-06-08'),
(1151, '180.76.15.24', '2017-06-08'),
(1152, '66.102.9.157', '2017-06-08'),
(1153, '31.179.7.65', '2017-06-08'),
(1154, '85.221.204.138', '2017-06-08'),
(1155, '66.249.69.145', '2017-06-08'),
(1156, '31.0.124.7', '2017-06-08'),
(1157, '66.249.69.88', '2017-06-08'),
(1158, '45.55.234.209', '2017-06-08'),
(1159, '66.249.75.16', '2017-06-08'),
(1160, '104.236.122.0', '2017-06-08'),
(1161, '66.249.75.18', '2017-06-09'),
(1162, '66.249.76.46', '2017-06-09'),
(1163, '66.249.76.47', '2017-06-09'),
(1164, '66.249.91.145', '2017-06-09'),
(1165, '66.249.76.44', '2017-06-09'),
(1166, '66.249.91.146', '2017-06-09'),
(1167, '66.102.8.25', '2017-06-09'),
(1168, '66.102.6.145', '2017-06-09'),
(1169, '66.102.8.29', '2017-06-09'),
(1170, '66.249.91.138', '2017-06-09'),
(1171, '188.117.181.109', '2017-06-09'),
(1172, '66.249.75.17', '2017-06-09'),
(1173, '66.249.75.16', '2017-06-09'),
(1174, '180.76.15.15', '2017-06-09'),
(1175, '66.102.9.157', '2017-06-09'),
(1176, '66.249.69.146', '2017-06-09'),
(1177, '66.249.69.144', '2017-06-09'),
(1178, '66.249.69.145', '2017-06-09'),
(1179, '66.249.91.81', '2017-06-09'),
(1180, '95.85.45.158', '2017-06-09'),
(1181, '107.21.1.8', '2017-06-09'),
(1182, '66.249.92.21', '2017-06-10'),
(1183, '66.249.92.17', '2017-06-10'),
(1184, '66.249.76.47', '2017-06-10'),
(1185, '66.249.66.29', '2017-06-10'),
(1186, '66.249.66.30', '2017-06-10'),
(1187, '66.249.76.46', '2017-06-10'),
(1188, '66.249.76.44', '2017-06-10'),
(1189, '66.249.66.28', '2017-06-10'),
(1190, '64.246.165.160', '2017-06-10'),
(1191, '180.76.15.151', '2017-06-10'),
(1192, '141.8.183.19', '2017-06-10'),
(1193, '141.8.142.18', '2017-06-10'),
(1194, '66.249.76.44', '2017-06-11'),
(1195, '66.249.76.47', '2017-06-11'),
(1196, '158.69.225.35', '2017-06-11'),
(1197, '45.55.142.145', '2017-06-11'),
(1198, '174.138.59.54', '2017-06-11'),
(1199, '141.8.142.18', '2017-06-11'),
(1200, '95.108.213.14', '2017-06-11'),
(1201, '66.249.92.21', '2017-06-12'),
(1202, '66.249.92.19', '2017-06-12'),
(1203, '66.249.76.44', '2017-06-12'),
(1204, '66.102.9.153', '2017-06-12'),
(1205, '66.249.76.46', '2017-06-12'),
(1206, '141.8.183.19', '2017-06-12'),
(1207, '66.249.76.47', '2017-06-13'),
(1208, '66.249.76.44', '2017-06-13'),
(1209, '66.249.93.13', '2017-06-13'),
(1210, '180.76.15.137', '2017-06-13'),
(1211, '66.249.66.216', '2017-06-13'),
(1212, '66.249.66.17', '2017-06-13'),
(1213, '34.251.211.71', '2017-06-14'),
(1214, '5.172.235.16', '2017-06-14'),
(1215, '66.249.76.44', '2017-06-14'),
(1216, '66.249.66.17', '2017-06-14'),
(1217, '66.249.64.218', '2017-06-14'),
(1218, '66.249.64.216', '2017-06-14'),
(1219, '5.172.239.215', '2017-06-14'),
(1220, '180.76.15.148', '2017-06-14'),
(1221, '66.249.64.92', '2017-06-14'),
(1222, '208.43.225.85', '2017-06-14'),
(1223, '5.196.87.172', '2017-06-14'),
(1224, '141.8.183.19', '2017-06-14'),
(1225, '66.249.64.88', '2017-06-14'),
(1226, '66.249.64.92', '2017-06-15'),
(1227, '66.249.64.218', '2017-06-15'),
(1228, '66.249.64.220', '2017-06-15'),
(1229, '34.253.70.97', '2017-06-15'),
(1230, '199.58.86.206', '2017-06-15'),
(1231, '66.249.64.90', '2017-06-15'),
(1232, '5.172.236.109', '2017-06-15'),
(1233, '141.8.142.18', '2017-06-15'),
(1234, '5.172.232.195', '2017-06-15'),
(1235, '141.8.183.19', '2017-06-16'),
(1236, '141.8.142.18', '2017-06-16'),
(1237, '180.76.15.152', '2017-06-16'),
(1238, '66.102.9.155', '2017-06-16'),
(1239, '180.76.15.9', '2017-06-16'),
(1240, '66.249.76.46', '2017-06-16'),
(1241, '66.249.93.14', '2017-06-16'),
(1242, '66.249.91.144', '2017-06-16'),
(1243, '5.172.238.82', '2017-06-17'),
(1244, '141.8.142.18', '2017-06-17'),
(1245, '141.8.142.18', '2017-06-18'),
(1246, '95.108.213.14', '2017-06-18'),
(1247, '141.8.183.19', '2017-06-18'),
(1248, '180.76.15.16', '2017-06-18'),
(1249, '104.131.167.178', '2017-06-18'),
(1250, '180.76.15.25', '2017-06-18'),
(1251, '66.249.92.17', '2017-06-19'),
(1252, '5.196.87.174', '2017-06-19'),
(1253, '66.249.76.90', '2017-06-19'),
(1254, '91.197.15.38', '2017-06-19'),
(1255, '66.249.76.92', '2017-06-19'),
(1256, '141.8.142.18', '2017-06-19'),
(1257, '141.8.183.19', '2017-06-19'),
(1258, '66.249.66.21', '2017-06-19'),
(1259, '66.249.66.19', '2017-06-19'),
(1260, '180.76.15.27', '2017-06-19'),
(1261, '141.8.183.19', '2017-06-20'),
(1262, '95.108.213.14', '2017-06-20'),
(1263, '141.8.142.18', '2017-06-20'),
(1264, '66.249.93.93', '2017-06-20'),
(1265, '85.221.204.138', '2017-06-20'),
(1266, '66.249.76.47', '2017-06-21'),
(1267, '141.8.142.18', '2017-06-21'),
(1268, '188.117.181.109', '2017-06-21'),
(1269, '164.132.161.93', '2017-06-21'),
(1270, '176.119.36.167', '2017-06-22'),
(1271, '141.8.183.19', '2017-06-22'),
(1272, '217.182.132.156', '2017-06-22'),
(1273, '178.154.200.20', '2017-06-22'),
(1274, '31.179.7.65', '2017-06-22'),
(1275, '5.255.253.67', '2017-06-22'),
(1276, '66.249.76.92', '2017-06-22'),
(1277, '141.8.142.18', '2017-06-22'),
(1278, '180.76.15.14', '2017-06-22'),
(1279, '95.108.213.14', '2017-06-23'),
(1280, '66.249.76.92', '2017-06-23'),
(1281, '54.161.105.39', '2017-06-23'),
(1282, '188.117.181.109', '2017-06-23'),
(1283, '66.249.93.89', '2017-06-23'),
(1284, '51.255.65.53', '2017-06-23'),
(1285, '141.8.142.18', '2017-06-23'),
(1286, '51.255.71.125', '2017-06-24'),
(1287, '141.8.142.18', '2017-06-24'),
(1288, '180.76.15.24', '2017-06-24'),
(1289, '66.249.76.46', '2017-06-24'),
(1290, '66.249.92.17', '2017-06-25'),
(1291, '51.255.65.57', '2017-06-25'),
(1292, '69.58.178.56', '2017-06-25'),
(1293, '141.8.142.18', '2017-06-26'),
(1294, '141.8.183.19', '2017-06-26'),
(1295, '66.102.9.153', '2017-06-26'),
(1296, '85.221.204.138', '2017-06-26'),
(1297, '54.82.110.131', '2017-06-26'),
(1298, '54.144.99.56', '2017-06-26'),
(1299, '50.19.146.30', '2017-06-26'),
(1300, '54.87.56.121', '2017-06-26'),
(1301, '54.226.207.179', '2017-06-26'),
(1302, '54.87.13.133', '2017-06-26'),
(1303, '5.172.235.91', '2017-06-26'),
(1304, '40.77.167.26', '2017-06-27'),
(1305, '66.102.9.153', '2017-06-27'),
(1306, '85.221.204.138', '2017-06-27'),
(1307, '180.76.15.158', '2017-06-27'),
(1308, '104.131.186.156', '2017-06-28'),
(1309, '66.249.69.90', '2017-06-28'),
(1310, '180.76.15.142', '2017-06-28'),
(1311, '66.249.69.92', '2017-06-28'),
(1312, '66.249.75.17', '2017-06-28'),
(1313, '91.197.15.38', '2017-06-28'),
(1314, '66.102.9.153', '2017-06-28'),
(1315, '180.76.15.134', '2017-06-28'),
(1316, '45.55.175.254', '2017-06-28'),
(1317, '141.8.142.18', '2017-06-28'),
(1318, '141.8.183.19', '2017-06-28'),
(1319, '51.255.71.101', '2017-06-29'),
(1320, '66.249.66.17', '2017-06-29'),
(1321, '66.249.92.17', '2017-06-29'),
(1322, '66.102.9.155', '2017-06-29'),
(1323, '188.146.8.6', '2017-06-29'),
(1324, '141.8.142.18', '2017-06-29'),
(1325, '141.8.183.19', '2017-06-29'),
(1326, '64.246.165.10', '2017-06-29'),
(1327, '66.249.93.85', '2017-06-30'),
(1328, '51.255.65.35', '2017-06-30'),
(1329, '89.75.153.182', '2017-06-30'),
(1330, '217.182.132.50', '2017-06-30'),
(1331, '66.249.92.17', '2017-06-30'),
(1332, '66.249.66.19', '2017-06-30'),
(1333, '66.249.76.44', '2017-06-30'),
(1334, '66.249.66.21', '2017-06-30'),
(1335, '141.8.142.18', '2017-06-30'),
(1336, '66.249.76.46', '2017-06-30'),
(1337, '141.8.183.19', '2017-06-30'),
(1338, '141.8.142.18', '2017-07-01'),
(1339, '66.249.76.47', '2017-07-01'),
(1340, '68.180.229.158', '2017-07-01'),
(1341, '66.249.66.19', '2017-07-01'),
(1342, '180.76.15.25', '2017-07-01'),
(1343, '162.210.196.129', '2017-07-01'),
(1344, '51.255.65.49', '2017-07-02'),
(1345, '180.76.15.136', '2017-07-02'),
(1346, '164.132.161.32', '2017-07-03'),
(1347, '66.102.9.157', '2017-07-03'),
(1348, '163.172.74.103', '2017-07-03'),
(1349, '66.249.92.19', '2017-07-03'),
(1350, '109.95.169.73', '2017-07-03'),
(1351, '104.132.8.87', '2017-07-03'),
(1352, '180.76.15.137', '2017-07-03'),
(1353, '162.210.196.130', '2017-07-03'),
(1354, '104.132.20.75', '2017-07-04'),
(1355, '66.102.9.155', '2017-07-04'),
(1356, '193.239.56.21', '2017-07-04'),
(1357, '66.249.66.19', '2017-07-04'),
(1358, '148.81.194.141', '2017-07-04'),
(1359, '162.210.196.129', '2017-07-04'),
(1360, '66.102.9.155', '2017-07-05'),
(1361, '85.221.204.138', '2017-07-05'),
(1362, '91.146.240.147', '2017-07-05'),
(1363, '180.76.15.147', '2017-07-05'),
(1364, '66.249.76.46', '2017-07-06'),
(1365, '54.190.143.77', '2017-07-06'),
(1366, '138.197.86.130', '2017-07-06'),
(1367, '91.238.55.114', '2017-07-06'),
(1368, '138.197.119.63', '2017-07-06'),
(1369, '138.197.91.183', '2017-07-06'),
(1370, '141.8.142.18', '2017-07-07'),
(1371, '180.76.15.148', '2017-07-07'),
(1372, '180.76.15.140', '2017-07-07'),
(1373, '66.249.92.19', '2017-07-07'),
(1374, '159.203.160.158', '2017-07-08'),
(1375, '180.76.15.144', '2017-07-08'),
(1376, '180.76.15.136', '2017-07-08'),
(1377, '66.249.92.19', '2017-07-09'),
(1378, '104.131.39.60', '2017-07-09'),
(1379, '45.55.190.1', '2017-07-09'),
(1380, '51.255.65.45', '2017-07-09'),
(1381, '66.249.75.144', '2017-07-10'),
(1382, '66.249.75.148', '2017-07-10'),
(1383, '66.249.75.146', '2017-07-10'),
(1384, '141.8.142.18', '2017-07-10'),
(1385, '158.69.26.193', '2017-07-11'),
(1386, '180.76.15.32', '2017-07-11'),
(1387, '37.47.143.148', '2017-07-11'),
(1388, '108.59.8.70', '2017-07-12'),
(1389, '95.85.23.109', '2017-07-12'),
(1390, '85.221.204.138', '2017-07-12');
INSERT INTO `pageview` (`id`, `user_ip`, `data`) VALUES
(1391, '164.132.161.59', '2017-07-12'),
(1392, '217.182.132.191', '2017-07-12'),
(1393, '180.76.15.148', '2017-07-12'),
(1394, '164.132.162.155', '2017-07-12'),
(1395, '180.76.15.16', '2017-07-12'),
(1396, '217.182.132.32', '2017-07-12'),
(1397, '164.132.161.14', '2017-07-12'),
(1398, '51.255.71.123', '2017-07-12'),
(1399, '180.76.15.160', '2017-07-13'),
(1400, '217.182.132.33', '2017-07-13'),
(1401, '162.210.196.129', '2017-07-13'),
(1402, '66.249.65.140', '2017-07-13'),
(1403, '66.249.65.156', '2017-07-13'),
(1404, '73.35.199.108', '2017-07-14'),
(1405, '40.77.167.10', '2017-07-14'),
(1406, '180.76.15.135', '2017-07-14'),
(1407, '66.249.65.158', '2017-07-15'),
(1408, '66.249.65.156', '2017-07-15'),
(1409, '180.76.15.151', '2017-07-16'),
(1410, '66.249.76.44', '2017-07-16'),
(1411, '66.249.92.19', '2017-07-16'),
(1412, '217.182.132.14', '2017-07-17'),
(1413, '31.13.113.82', '2017-07-17'),
(1414, '180.76.15.21', '2017-07-17'),
(1415, '66.249.66.21', '2017-07-17'),
(1416, '66.249.76.44', '2017-07-17'),
(1417, '73.35.199.108', '2017-07-18'),
(1418, '45.55.224.174', '2017-07-18'),
(1419, '91.197.15.38', '2017-07-18'),
(1420, '66.249.66.21', '2017-07-18'),
(1421, '64.246.161.42', '2017-07-18'),
(1422, '91.197.15.38', '2017-07-19'),
(1423, '180.76.15.138', '2017-07-19'),
(1424, '73.35.199.108', '2017-07-19'),
(1425, '141.8.142.18', '2017-07-20'),
(1426, '40.77.167.124', '2017-07-20'),
(1427, '199.58.86.206', '2017-07-20'),
(1428, '180.76.15.145', '2017-07-20'),
(1429, '180.76.15.134', '2017-07-21'),
(1430, '66.249.92.19', '2017-07-21'),
(1431, '104.132.8.87', '2017-07-21'),
(1432, '180.76.15.146', '2017-07-22'),
(1433, '66.249.75.218', '2017-07-22'),
(1434, '66.249.75.216', '2017-07-22'),
(1435, '180.76.15.156', '2017-07-22'),
(1436, '94.254.231.188', '2017-07-22'),
(1437, '94.254.231.188', '2017-07-23'),
(1438, '176.119.36.167', '2017-07-23'),
(1439, '157.55.39.164', '2017-07-23'),
(1440, '195.22.127.227', '2017-07-23'),
(1441, '66.249.66.140', '2017-07-24'),
(1442, '180.76.15.153', '2017-07-24'),
(1443, '104.132.8.87', '2017-07-24'),
(1444, '91.234.100.168', '2017-07-24'),
(1445, '51.255.65.54', '2017-07-24'),
(1446, '52.210.105.92', '2017-07-24'),
(1447, '66.249.66.17', '2017-07-25'),
(1448, '195.187.238.194', '2017-07-25'),
(1449, '180.76.15.13', '2017-07-25'),
(1450, '178.235.39.114', '2017-07-25'),
(1451, '66.249.76.47', '2017-07-25'),
(1452, '164.132.161.56', '2017-07-26'),
(1453, '54.234.198.190', '2017-07-26'),
(1454, '107.20.12.6', '2017-07-26'),
(1455, '54.83.123.45', '2017-07-26'),
(1456, '54.227.117.9', '2017-07-26'),
(1457, '54.91.167.100', '2017-07-26'),
(1458, '54.82.11.249', '2017-07-26'),
(1459, '54.242.101.238', '2017-07-26'),
(1460, '54.234.23.136', '2017-07-26'),
(1461, '69.58.178.58', '2017-07-26'),
(1462, '85.222.40.199', '2017-07-26'),
(1463, '91.197.15.38', '2017-07-27'),
(1464, '66.249.92.17', '2017-07-28'),
(1465, '45.55.222.128', '2017-07-28'),
(1466, '51.255.138.90', '2017-07-28'),
(1467, '180.76.15.7', '2017-07-28'),
(1468, '180.76.15.158', '2017-07-29'),
(1469, '180.76.15.32', '2017-07-29'),
(1470, '78.46.161.81', '2017-07-29'),
(1471, '73.35.199.108', '2017-07-29'),
(1472, '89.71.51.126', '2017-07-30'),
(1473, '37.9.113.106', '2017-07-30'),
(1474, '207.46.13.137', '2017-07-30'),
(1475, '180.76.15.145', '2017-07-30'),
(1476, '66.249.76.46', '2017-07-30'),
(1477, '199.58.86.209', '2017-07-31'),
(1478, '91.197.15.38', '2017-07-31'),
(1479, '66.249.76.47', '2017-07-31'),
(1480, '212.92.108.24', '2017-08-01'),
(1481, '85.221.204.138', '2017-08-01'),
(1482, '217.182.132.97', '2017-08-01'),
(1483, '66.249.70.24', '2017-08-02'),
(1484, '85.221.204.138', '2017-08-02'),
(1485, '88.77.112.21', '2017-08-02'),
(1486, '217.182.132.149', '2017-08-02'),
(1487, '51.255.65.40', '2017-08-03'),
(1488, '66.249.92.21', '2017-08-03'),
(1489, '66.249.92.17', '2017-08-03'),
(1490, '104.132.20.74', '2017-08-03'),
(1491, '180.76.15.138', '2017-08-04');

-- --------------------------------------------------------

--
-- Struktura tabeli dla tabeli `photos`
--

CREATE TABLE `photos` (
  `id` int(11) NOT NULL,
  `name` text NOT NULL,
  `dir` text NOT NULL,
  `alt` text NOT NULL,
  `title` text NOT NULL,
  `date_created` datetime NOT NULL
) ENGINE=InnoDB DEFAULT CHARSET=utf8;

--
-- Zrzut danych tabeli `photos`
--

INSERT INTO `photos` (`id`, `name`, `dir`, `alt`, `title`, `date_created`) VALUES
(1, 'abd0c1edc4c94c0245771202a523133c59b67da672f05.jpg', '/img/products/', '', '', '2017-12-04 00:00:00'),
(2, 'abd0c1edc4c94c0245771202a523133c59b67da68790e.jpg', '/img/products/', '', '', '2017-12-04 00:00:00');

-- --------------------------------------------------------

--
-- Struktura tabeli dla tabeli `photos_to_user`
--

CREATE TABLE `photos_to_user` (
  `id` int(11) NOT NULL,
  `user_id` int(11) NOT NULL,
  `photo_id` int(11) NOT NULL
) ENGINE=InnoDB DEFAULT CHARSET=utf8;

-- --------------------------------------------------------

--
-- Struktura tabeli dla tabeli `planned_activities`
--

CREATE TABLE `planned_activities` (
  `id` int(11) NOT NULL,
  `user_id` int(11) NOT NULL,
  `invited_user_id` int(11) DEFAULT NULL,
  `request_id` int(11) DEFAULT NULL,
  `type` smallint(1) NOT NULL COMMENT '1-public, 2-privateChat, 3-privateCam, 4-Escort',
  `planned_activity_id` int(11) NOT NULL COMMENT 'id do tabeli ktorej typ dotyczy',
  `planned_date` datetime NOT NULL,
  `date_updated` datetime NOT NULL,
  `date_created` datetime NOT NULL
) ENGINE=InnoDB DEFAULT CHARSET=utf8;

-- --------------------------------------------------------

--
-- Struktura tabeli dla tabeli `planned_activities_to_activity_prices`
--

CREATE TABLE `planned_activities_to_activity_prices` (
  `id` int(11) NOT NULL,
  `planned_activity_id` int(11) DEFAULT NULL,
  `escort_id` int(11) DEFAULT NULL,
  `private_id` int(11) DEFAULT NULL,
  `public_dosth_id` int(11) DEFAULT NULL,
  `public_vote_id` int(11) DEFAULT NULL,
  `date_created` datetime NOT NULL
) ENGINE=InnoDB DEFAULT CHARSET=utf8;

-- --------------------------------------------------------

--
-- Struktura tabeli dla tabeli `planned_escort_activities`
--

CREATE TABLE `planned_escort_activities` (
  `id` int(11) NOT NULL,
  `escort_activity_id` int(11) NOT NULL,
  `duration` int(11) DEFAULT NULL,
  `price` int(11) NOT NULL,
  `additional_comments` text NOT NULL,
  `date_updated` datetime NOT NULL,
  `date_created` datetime NOT NULL
) ENGINE=InnoDB DEFAULT CHARSET=utf8;

-- --------------------------------------------------------

--
-- Struktura tabeli dla tabeli `planned_private_activities`
--

CREATE TABLE `planned_private_activities` (
  `id` int(11) NOT NULL,
  `type` smallint(1) NOT NULL COMMENT '1-chat | 2-video+audio',
  `private_activity_id` int(11) NOT NULL COMMENT 'z tabeli "user_model_activity_private_prices"',
  `min_duration` int(11) NOT NULL,
  `price` int(11) NOT NULL,
  `additional_comments` text NOT NULL,
  `spy_cam` smallint(1) NOT NULL COMMENT '1-on | 0-off',
  `date_updated` datetime NOT NULL,
  `date_created` datetime NOT NULL
) ENGINE=InnoDB DEFAULT CHARSET=utf8;

-- --------------------------------------------------------

--
-- Struktura tabeli dla tabeli `planned_public_activities`
--

CREATE TABLE `planned_public_activities` (
  `id` int(11) NOT NULL,
  `broadcastTitle` text NOT NULL,
  `date_updated` datetime NOT NULL,
  `date_created` datetime NOT NULL
) ENGINE=InnoDB DEFAULT CHARSET=utf8;

-- --------------------------------------------------------

--
-- Struktura tabeli dla tabeli `products`
--

CREATE TABLE `products` (
  `id` int(11) NOT NULL,
  `name` text NOT NULL,
  `description` text NOT NULL,
  `price` int(11) NOT NULL,
  `type` int(1) NOT NULL COMMENT '1-admin-basic($), 2-admin-vip($), 3-admin-tokens($),4-user-products(tokens)',
  `photo_id` int(11) DEFAULT NULL,
  `file_name` text NOT NULL,
  `date_updated` datetime NOT NULL,
  `date_created` datetime NOT NULL
) ENGINE=InnoDB DEFAULT CHARSET=utf8;

--
-- Zrzut danych tabeli `products`
--

INSERT INTO `products` (`id`, `name`, `description`, `price`, `type`, `photo_id`, `file_name`, `date_updated`, `date_created`) VALUES
(1, 'basic', 'basic membership', 1, 1, 1, '', '0000-00-00 00:00:00', '0000-00-00 00:00:00'),
(2, 'VIP', 'VIP membership', 2, 2, 2, '', '0000-00-00 00:00:00', '0000-00-00 00:00:00');

-- --------------------------------------------------------

--
-- Struktura tabeli dla tabeli `proficiency_language`
--

CREATE TABLE `proficiency_language` (
  `id` int(11) NOT NULL,
  `name` text NOT NULL
) ENGINE=InnoDB DEFAULT CHARSET=utf8;

--
-- Zrzut danych tabeli `proficiency_language`
--

INSERT INTO `proficiency_language` (`id`, `name`) VALUES
(1, 'basic'),
(2, 'conversational'),
(3, 'fluent'),
(4, 'nativeOrBilingual');

-- --------------------------------------------------------

--
-- Struktura tabeli dla tabeli `requests`
--

CREATE TABLE `requests` (
  `id` int(11) NOT NULL,
  `status` smallint(1) NOT NULL COMMENT '1-pending || 2-accepted || 3-declined || 4-edited ',
  `type` smallint(1) NOT NULL,
  `related_table_type_id` int(11) NOT NULL,
  `date` datetime NOT NULL,
  `view_from_user` smallint(1) NOT NULL DEFAULT '1',
  `view_to_user` smallint(1) NOT NULL DEFAULT '1',
  `from_user_id` int(11) NOT NULL,
  `to_user_id` int(11) NOT NULL,
  `additional_comments` text NOT NULL,
  `date_updated` datetime DEFAULT NULL,
  `date_created` datetime NOT NULL
) ENGINE=InnoDB DEFAULT CHARSET=utf8;

-- --------------------------------------------------------

--
-- Struktura tabeli dla tabeli `requests_escort`
--

CREATE TABLE `requests_escort` (
  `id` int(11) NOT NULL,
  `activity_id` int(11) NOT NULL,
  `duration` int(11) DEFAULT NULL,
  `price` int(11) NOT NULL,
  `date_updated` datetime NOT NULL,
  `date_created` datetime NOT NULL
) ENGINE=InnoDB DEFAULT CHARSET=utf8;

-- --------------------------------------------------------

--
-- Struktura tabeli dla tabeli `requests_private`
--

CREATE TABLE `requests_private` (
  `id` int(11) NOT NULL,
  `type` smallint(1) NOT NULL,
  `activity_id` int(11) NOT NULL,
  `min_duration` int(11) NOT NULL,
  `price` int(11) NOT NULL,
  `spy_cam` smallint(1) NOT NULL,
  `date_updated` datetime NOT NULL,
  `date_created` datetime NOT NULL
) ENGINE=InnoDB DEFAULT CHARSET=utf8;

-- --------------------------------------------------------

--
-- Struktura tabeli dla tabeli `settings`
--

CREATE TABLE `settings` (
  `id` int(11) NOT NULL,
  `setting_key` varchar(20) NOT NULL,
  `value` varchar(40) NOT NULL
) ENGINE=InnoDB DEFAULT CHARSET=utf8;

--
-- Zrzut danych tabeli `settings`
--

INSERT INTO `settings` (`id`, `setting_key`, `value`) VALUES
(1, 'price_for_token', '1');

-- --------------------------------------------------------

--
-- Struktura tabeli dla tabeli `social_media`
--

CREATE TABLE `social_media` (
  `id` int(11) NOT NULL,
  `user_id` int(11) DEFAULT NULL,
  `type` int(11) NOT NULL COMMENT '1-fb; 2-google; 3-twitter; 4-instagram; 5-snap; 6-pinterest; 7-linkedin; 8-yt',
  `link` text NOT NULL,
  `date_created` datetime NOT NULL,
  `date_updated` datetime NOT NULL
) ENGINE=InnoDB DEFAULT CHARSET=utf8;

-- --------------------------------------------------------

--
-- Struktura tabeli dla tabeli `tmp_users_mails`
--

CREATE TABLE `tmp_users_mails` (
  `id` int(11) NOT NULL,
  `user_id` int(11) NOT NULL,
  `email` text NOT NULL,
  `code` text NOT NULL
) ENGINE=InnoDB DEFAULT CHARSET=utf8;

-- --------------------------------------------------------

--
-- Struktura tabeli dla tabeli `tokens`
--

CREATE TABLE `tokens` (
  `id` int(11) NOT NULL,
  `product_id` int(11) NOT NULL,
  `tokens` int(11) NOT NULL,
  `date_updated` datetime NOT NULL
) ENGINE=InnoDB DEFAULT CHARSET=utf8;

-- --------------------------------------------------------

--
-- Struktura tabeli dla tabeli `tokens_withdraws`
--

CREATE TABLE `tokens_withdraws` (
  `id` int(11) NOT NULL,
  `user_id` int(11) NOT NULL,
  `tokens` int(11) NOT NULL,
  `dolars` int(11) NOT NULL,
  `iban` text NOT NULL,
  `swift_bic` text NOT NULL,
  `owner_name` text NOT NULL,
  `owner_last_name` text NOT NULL,
  `date_updated` datetime NOT NULL,
  `date_created` datetime NOT NULL
) ENGINE=InnoDB DEFAULT CHARSET=utf8;

-- --------------------------------------------------------

--
-- Struktura tabeli dla tabeli `transmissions`
--

CREATE TABLE `transmissions` (
  `id` int(11) NOT NULL,
  `type` smallint(1) NOT NULL COMMENT '1 - public | ',
  `user_id` int(11) NOT NULL COMMENT 'nadajacy',
  `planned_activity_id` int(11) NOT NULL,
  `activity_date` datetime NOT NULL COMMENT '1 - leci || nie leci xDDD ',
  `viewers` int(11) NOT NULL DEFAULT '0',
  `date_started` datetime NOT NULL,
  `date_stopped` datetime NOT NULL
) ENGINE=InnoDB DEFAULT CHARSET=utf8;

-- --------------------------------------------------------

--
-- Struktura tabeli dla tabeli `transmission_activity_progress`
--

CREATE TABLE `transmission_activity_progress` (
  `id` int(11) NOT NULL,
  `transmission_id` int(11) NOT NULL,
  `status` varchar(9) NOT NULL COMMENT 'completed || current || upcoming',
  `type` tinyint(1) NOT NULL COMMENT '1-publicVote; 2-publicDoSTH',
  `activity_id` int(11) NOT NULL COMMENT 'na tebele w zaleznosci od type',
  `date_created` datetime NOT NULL,
  `date_updated` datetime NOT NULL
) ENGINE=InnoDB DEFAULT CHARSET=latin1;

-- --------------------------------------------------------

--
-- Struktura tabeli dla tabeli `transmission_progress_details_public_dosth`
--

CREATE TABLE `transmission_progress_details_public_dosth` (
  `id` int(11) NOT NULL,
  `tap_id` int(11) NOT NULL,
  `user_id` int(11) NOT NULL,
  `amount` int(11) NOT NULL,
  `date_created` datetime NOT NULL
) ENGINE=InnoDB DEFAULT CHARSET=latin1;

-- --------------------------------------------------------

--
-- Struktura tabeli dla tabeli `transmission_progress_details_public_vote`
--

CREATE TABLE `transmission_progress_details_public_vote` (
  `id` int(11) NOT NULL,
  `tap_id` int(11) NOT NULL COMMENT 'transmission_activity_progress',
  `user_id` int(11) NOT NULL,
  `opt1` tinyint(1) DEFAULT NULL,
  `opt2` tinyint(1) DEFAULT NULL,
  `opt3` tinyint(1) DEFAULT NULL,
  `date_created` datetime NOT NULL
) ENGINE=InnoDB DEFAULT CHARSET=latin1 ROW_FORMAT=COMPACT;

-- --------------------------------------------------------

--
-- Struktura tabeli dla tabeli `transmission_tips`
--

CREATE TABLE `transmission_tips` (
  `id` int(11) NOT NULL,
  `transmision_id` int(11) NOT NULL,
  `amount` int(11) NOT NULL,
  `user_id` int(11) NOT NULL,
  `date_created` datetime NOT NULL
) ENGINE=InnoDB DEFAULT CHARSET=utf8;

-- --------------------------------------------------------

--
-- Struktura tabeli dla tabeli `users`
--

CREATE TABLE `users` (
  `id` int(11) NOT NULL,
  `email` text NOT NULL,
  `password` text NOT NULL,
  `name` text NOT NULL,
  `surname` text NOT NULL
) ENGINE=InnoDB DEFAULT CHARSET=utf8 COMMENT='administratorzy';

--
-- Zrzut danych tabeli `users`
--

INSERT INTO `users` (`id`, `email`, `password`, `name`, `surname`) VALUES
(1, 'admin', '5d93ceb70e2bf5daa84ec3d0cd2c731a', 'admin', 'admin');

-- --------------------------------------------------------

--
-- Struktura tabeli dla tabeli `users_to_categories`
--

CREATE TABLE `users_to_categories` (
  `id` int(11) NOT NULL,
  `user_id` int(11) NOT NULL,
  `category_id` int(11) NOT NULL
) ENGINE=InnoDB DEFAULT CHARSET=utf8;

-- --------------------------------------------------------

--
-- Struktura tabeli dla tabeli `user_model_activity_escort_prices`
--

CREATE TABLE `user_model_activity_escort_prices` (
  `id` int(11) NOT NULL,
  `user_id` int(11) NOT NULL,
  `description` text NOT NULL,
  `price` int(11) NOT NULL,
  `price_type` int(11) NOT NULL COMMENT '1 - per hour| 2 - for the activity',
  `date_created` datetime NOT NULL,
  `date_updated` datetime NOT NULL
) ENGINE=InnoDB DEFAULT CHARSET=utf8;

-- --------------------------------------------------------

--
-- Struktura tabeli dla tabeli `user_model_activity_private_prices`
--

CREATE TABLE `user_model_activity_private_prices` (
  `id` int(11) NOT NULL,
  `user_id` int(11) NOT NULL,
  `type` smallint(1) NOT NULL COMMENT '1-chat || 2- cam',
  `description` text NOT NULL,
  `price` int(11) NOT NULL,
  `spycam` smallint(1) DEFAULT '0' COMMENT '1-on | 0 - off',
  `spy_cam_price` int(11) DEFAULT NULL COMMENT 'jezeli spycam 1 to cena aktywna',
  `date_updated` datetime NOT NULL,
  `date_created` datetime NOT NULL
) ENGINE=InnoDB DEFAULT CHARSET=utf8;

-- --------------------------------------------------------

--
-- Struktura tabeli dla tabeli `user_model_activity_public_dosth_prices`
--

CREATE TABLE `user_model_activity_public_dosth_prices` (
  `id` int(11) NOT NULL,
  `user_id` int(11) NOT NULL,
  `description` text NOT NULL,
  `price` int(11) NOT NULL,
  `date_created` datetime NOT NULL,
  `date_updated` datetime NOT NULL
) ENGINE=InnoDB DEFAULT CHARSET=utf8;

-- --------------------------------------------------------

--
-- Struktura tabeli dla tabeli `user_model_activity_public_vote_prices`
--

CREATE TABLE `user_model_activity_public_vote_prices` (
  `id` int(11) NOT NULL,
  `user_id` int(11) NOT NULL,
  `description1` text NOT NULL,
  `price1` int(11) NOT NULL,
  `description2` text NOT NULL,
  `price2` int(11) NOT NULL,
  `description3` text NOT NULL,
  `price3` int(11) NOT NULL,
  `votes_for_win` int(11) NOT NULL,
  `date_updated` datetime NOT NULL,
  `date_created` datetime NOT NULL
) ENGINE=InnoDB DEFAULT CHARSET=utf8;

-- --------------------------------------------------------

--
-- Struktura tabeli dla tabeli `user_model_availability`
--

CREATE TABLE `user_model_availability` (
  `id` int(11) NOT NULL,
  `user_id` int(11) NOT NULL,
  `day` tinyint(1) NOT NULL COMMENT '1-pon || 7-nd',
  `time_range_from` varchar(8) NOT NULL,
  `time_range_to` varchar(8) NOT NULL,
  `date_updated` datetime NOT NULL,
  `date_created` datetime NOT NULL
) ENGINE=InnoDB DEFAULT CHARSET=utf8;

-- --------------------------------------------------------

--
-- Struktura tabeli dla tabeli `user_model_info`
--

CREATE TABLE `user_model_info` (
  `id` int(11) NOT NULL,
  `user_id` int(11) NOT NULL,
  `coverPhoto` int(11) DEFAULT NULL,
  `default_video_id` int(11) DEFAULT NULL,
  `tag_line` text NOT NULL,
  `turns` text NOT NULL,
  `expertise` text NOT NULL,
  `partner_preferences` text,
  `english_proficiency` int(11) DEFAULT NULL,
  `service_provide` int(11) DEFAULT NULL,
  `real_age` int(11) DEFAULT NULL,
  `looks_age` varchar(5) DEFAULT NULL,
  `height` int(11) DEFAULT NULL,
  `weight` int(11) DEFAULT NULL,
  `chest_cup_size` text NOT NULL,
  `pubic_hair` varchar(3) DEFAULT NULL,
  `dress_size` varchar(11) DEFAULT NULL,
  `ethnicity` text,
  `skin_color` int(11) DEFAULT NULL,
  `eyes_color` int(11) DEFAULT NULL,
  `hair_color` int(11) DEFAULT NULL,
  `body_build` text,
  `body_decorations` text NOT NULL,
  `kinky_features` text NOT NULL,
  `date_updated` datetime NOT NULL,
  `date_created` datetime NOT NULL
) ENGINE=InnoDB DEFAULT CHARSET=utf8;

-- --------------------------------------------------------

--
-- Struktura tabeli dla tabeli `user_model_languages`
--

CREATE TABLE `user_model_languages` (
  `id` int(11) NOT NULL,
  `user_id` int(11) NOT NULL,
  `language_code` text NOT NULL,
  `id_proficiency_language` int(11) NOT NULL
) ENGINE=InnoDB DEFAULT CHARSET=utf8;

-- --------------------------------------------------------

--
-- Struktura tabeli dla tabeli `user_model_services_location`
--

CREATE TABLE `user_model_services_location` (
  `id` int(11) NOT NULL,
  `user_id` int(11) NOT NULL,
  `country_iso_code_2` varchar(2) NOT NULL,
  `city_or_region` text NOT NULL,
  `date_updated` datetime NOT NULL
) ENGINE=InnoDB DEFAULT CHARSET=utf8;

-- --------------------------------------------------------

--
-- Struktura tabeli dla tabeli `user_notifications_settings`
--

CREATE TABLE `user_notifications_settings` (
  `id` int(11) NOT NULL,
  `user_id` int(11) NOT NULL,
  `npw` tinyint(1) NOT NULL DEFAULT '1' COMMENT 'Page - New private messages',
  `nr` tinyint(1) NOT NULL DEFAULT '1' COMMENT 'Page - New requests',
  `nf` tinyint(1) NOT NULL DEFAULT '1' COMMENT 'Page - New followers',
  `ng` tinyint(1) NOT NULL DEFAULT '1' COMMENT 'Page - New gifts',
  `sp` tinyint(1) NOT NULL DEFAULT '1' COMMENT 'Page - Sold products',
  `afuif` tinyint(1) NOT NULL DEFAULT '1' COMMENT 'Page - Activity from users I follow',
  `rmataihp` tinyint(1) NOT NULL DEFAULT '1' COMMENT 'Page - Remind me about the activities I have planned',
  `sound` tinyint(1) NOT NULL DEFAULT '1',
  `enpm` tinyint(1) NOT NULL DEFAULT '1' COMMENT 'Emails - New private messages',
  `enr` tinyint(1) NOT NULL DEFAULT '1' COMMENT 'Emails - New requests',
  `enf` tinyint(1) NOT NULL DEFAULT '1' COMMENT 'Emails - New followers',
  `eng` tinyint(1) NOT NULL DEFAULT '1' COMMENT 'Emails - New gifts',
  `esp` tinyint(1) NOT NULL DEFAULT '1' COMMENT 'Emails - Sold products',
  `eafuif` tinyint(1) NOT NULL DEFAULT '1' COMMENT 'Emails - Activity from users I follow',
  `ermataihp` tinyint(1) NOT NULL DEFAULT '1' COMMENT 'Emails - Remind me about the activities I have planned',
  `date_updated` datetime NOT NULL,
  `date_created` datetime NOT NULL
) ENGINE=InnoDB DEFAULT CHARSET=utf8;

-- --------------------------------------------------------

--
-- Struktura tabeli dla tabeli `user_products`
--

CREATE TABLE `user_products` (
  `id` int(11) NOT NULL,
  `product_id` int(11) NOT NULL,
  `user_id` int(11) NOT NULL
) ENGINE=InnoDB DEFAULT CHARSET=utf8;

-- --------------------------------------------------------

--
-- Struktura tabeli dla tabeli `user_standard_info`
--

CREATE TABLE `user_standard_info` (
  `id` int(11) NOT NULL,
  `user_id` int(11) NOT NULL,
  `looking_for` int(11) NOT NULL,
  `services` int(11) DEFAULT NULL COMMENT '1-web | 2-inperson | 3-both',
  `profile_visibility` int(11) NOT NULL DEFAULT '1' COMMENT '1-public | 2-private',
  `date_created` datetime NOT NULL,
  `date_updated` datetime NOT NULL
) ENGINE=InnoDB DEFAULT CHARSET=utf8;

-- --------------------------------------------------------

--
-- Struktura tabeli dla tabeli `user_wishlist`
--

CREATE TABLE `user_wishlist` (
  `id` int(11) NOT NULL,
  `user_id` int(11) NOT NULL,
  `product_id` int(11) NOT NULL,
  `date_created` datetime NOT NULL
) ENGINE=InnoDB DEFAULT CHARSET=utf8;

-- --------------------------------------------------------

--
-- Struktura tabeli dla tabeli `videos`
--

CREATE TABLE `videos` (
  `id` int(11) NOT NULL,
  `name` text NOT NULL,
  `thumbName` text NOT NULL,
  `dir` text NOT NULL,
  `autoplay` int(1) NOT NULL,
  `controls` int(1) NOT NULL,
  `poster` text NOT NULL,
  `date_created` datetime NOT NULL
) ENGINE=InnoDB DEFAULT CHARSET=utf8;

-- --------------------------------------------------------

--
-- Struktura tabeli dla tabeli `videos_to_user`
--

CREATE TABLE `videos_to_user` (
  `id` int(11) NOT NULL,
  `user_id` int(11) NOT NULL,
  `video_id` int(11) NOT NULL
) ENGINE=InnoDB DEFAULT CHARSET=utf8;

-- --------------------------------------------------------

--
-- Struktura tabeli dla tabeli `visites_profiles`
--

CREATE TABLE `visites_profiles` (
  `id` int(11) NOT NULL,
  `visitor_id` int(11) NOT NULL,
  `visited_id` int(11) NOT NULL,
  `visit_date` datetime NOT NULL
) ENGINE=InnoDB DEFAULT CHARSET=utf8;

--
-- Indeksy dla zrzutów tabel
--

--
-- Indexes for table `blogs`
--
ALTER TABLE `blogs`
  ADD PRIMARY KEY (`id`),
  ADD KEY `user_id` (`user_id`),
  ADD KEY `photo_id` (`photo_id`);

--
-- Indexes for table `categories`
--
ALTER TABLE `categories`
  ADD PRIMARY KEY (`id`);

--
-- Indexes for table `categories_info`
--
ALTER TABLE `categories_info`
  ADD PRIMARY KEY (`id`),
  ADD KEY `category_id` (`category_id`),
  ADD KEY `language_id` (`language_code`);

--
-- Indexes for table `cms`
--
ALTER TABLE `cms`
  ADD PRIMARY KEY (`id`);

--
-- Indexes for table `cms_info`
--
ALTER TABLE `cms_info`
  ADD PRIMARY KEY (`id`),
  ADD KEY `cms_id` (`cms_id`);

--
-- Indexes for table `countries`
--
ALTER TABLE `countries`
  ADD PRIMARY KEY (`id`),
  ADD UNIQUE KEY `iso_code_2` (`iso_code_2`),
  ADD UNIQUE KEY `iso_code_3` (`iso_code_3`);

--
-- Indexes for table `customers`
--
ALTER TABLE `customers`
  ADD PRIMARY KEY (`id`),
  ADD KEY `profile_picture` (`profile_picture`),
  ADD KEY `membership` (`membership`);

--
-- Indexes for table `follows`
--
ALTER TABLE `follows`
  ADD PRIMARY KEY (`id`),
  ADD KEY `follower_id` (`follower_id`),
  ADD KEY `following_id` (`following_id`);

--
-- Indexes for table `gifts`
--
ALTER TABLE `gifts`
  ADD PRIMARY KEY (`id`),
  ADD KEY `sender_user_id` (`sender_user_id`),
  ADD KEY `receiving_user_id` (`receiving_user_id`);

--
-- Indexes for table `gift_file`
--
ALTER TABLE `gift_file`
  ADD PRIMARY KEY (`id`),
  ADD KEY `gift_id` (`gift_id`);

--
-- Indexes for table `gift_product`
--
ALTER TABLE `gift_product`
  ADD PRIMARY KEY (`id`),
  ADD KEY `product_id` (`product_id`),
  ADD KEY `gift_id` (`gift_id`);

--
-- Indexes for table `gift_tokens`
--
ALTER TABLE `gift_tokens`
  ADD PRIMARY KEY (`id`),
  ADD KEY `gift_id` (`gift_id`);

--
-- Indexes for table `hear_about`
--
ALTER TABLE `hear_about`
  ADD PRIMARY KEY (`id`),
  ADD KEY `user_id` (`user_id`);

--
-- Indexes for table `invoice_users_data`
--
ALTER TABLE `invoice_users_data`
  ADD PRIMARY KEY (`id`),
  ADD KEY `user_id` (`user_id`);

--
-- Indexes for table `languages`
--
ALTER TABLE `languages`
  ADD PRIMARY KEY (`id`);

--
-- Indexes for table `memberships`
--
ALTER TABLE `memberships`
  ADD PRIMARY KEY (`id`),
  ADD KEY `user_id` (`user_id`);

--
-- Indexes for table `messages`
--
ALTER TABLE `messages`
  ADD PRIMARY KEY (`id`),
  ADD KEY `user_id_from` (`user_id_from`),
  ADD KEY `user_id_to` (`user_id_to`);

--
-- Indexes for table `model_recent_activity`
--
ALTER TABLE `model_recent_activity`
  ADD PRIMARY KEY (`id`);

--
-- Indexes for table `notifications`
--
ALTER TABLE `notifications`
  ADD PRIMARY KEY (`id`),
  ADD KEY `user_id` (`user_id`);

--
-- Indexes for table `notifications_dismiss`
--
ALTER TABLE `notifications_dismiss`
  ADD PRIMARY KEY (`id`),
  ADD KEY `notification_id` (`notification_id`),
  ADD KEY `user_id` (`user_id`);

--
-- Indexes for table `notification_followers`
--
ALTER TABLE `notification_followers`
  ADD PRIMARY KEY (`id`),
  ADD KEY `notification_id` (`notification_id`),
  ADD KEY `user_id` (`user_id`);

--
-- Indexes for table `notification_gift`
--
ALTER TABLE `notification_gift`
  ADD PRIMARY KEY (`id`),
  ADD KEY `notification_id` (`notification_id`),
  ADD KEY `user_id` (`user_id`);

--
-- Indexes for table `notification_message`
--
ALTER TABLE `notification_message`
  ADD PRIMARY KEY (`id`),
  ADD KEY `notification_id` (`notification_id`),
  ADD KEY `user_id` (`user_id`);

--
-- Indexes for table `notification_new_activity`
--
ALTER TABLE `notification_new_activity`
  ADD PRIMARY KEY (`id`),
  ADD KEY `notification_id` (`notification_id`);

--
-- Indexes for table `notification_new_blog`
--
ALTER TABLE `notification_new_blog`
  ADD PRIMARY KEY (`id`),
  ADD KEY `blog_id` (`blog_id`),
  ADD KEY `notification_id` (`notification_id`);

--
-- Indexes for table `notification_new_photo`
--
ALTER TABLE `notification_new_photo`
  ADD PRIMARY KEY (`id`),
  ADD KEY `notification_id` (`notification_id`);

--
-- Indexes for table `notification_new_product`
--
ALTER TABLE `notification_new_product`
  ADD PRIMARY KEY (`id`),
  ADD KEY `notification_id` (`notification_id`),
  ADD KEY `product_id` (`product_id`);

--
-- Indexes for table `notification_sold_product`
--
ALTER TABLE `notification_sold_product`
  ADD PRIMARY KEY (`id`),
  ADD KEY `notification_id` (`notification_id`),
  ADD KEY `product_id` (`product_id`),
  ADD KEY `user_id` (`user_id`);

--
-- Indexes for table `orders`
--
ALTER TABLE `orders`
  ADD PRIMARY KEY (`id`),
  ADD KEY `user_id` (`user_id`);

--
-- Indexes for table `order_info`
--
ALTER TABLE `order_info`
  ADD PRIMARY KEY (`id`),
  ADD KEY `order_id` (`order_id`),
  ADD KEY `product_id` (`product_id`);

--
-- Indexes for table `pageview`
--
ALTER TABLE `pageview`
  ADD UNIQUE KEY `id_pageview` (`id`);

--
-- Indexes for table `photos`
--
ALTER TABLE `photos`
  ADD PRIMARY KEY (`id`);

--
-- Indexes for table `photos_to_user`
--
ALTER TABLE `photos_to_user`
  ADD PRIMARY KEY (`id`),
  ADD KEY `photo_id` (`photo_id`),
  ADD KEY `user_id` (`user_id`);

--
-- Indexes for table `planned_activities`
--
ALTER TABLE `planned_activities`
  ADD PRIMARY KEY (`id`),
  ADD KEY `user_id` (`user_id`),
  ADD KEY `invited_user_id` (`invited_user_id`),
  ADD KEY `request_id` (`request_id`);

--
-- Indexes for table `planned_activities_to_activity_prices`
--
ALTER TABLE `planned_activities_to_activity_prices`
  ADD PRIMARY KEY (`id`),
  ADD KEY `planned_activity_id` (`planned_activity_id`),
  ADD KEY `escort_id` (`escort_id`),
  ADD KEY `private_id` (`private_id`),
  ADD KEY `public_dosth_id` (`public_dosth_id`),
  ADD KEY `public_vote_id` (`public_vote_id`);

--
-- Indexes for table `planned_escort_activities`
--
ALTER TABLE `planned_escort_activities`
  ADD PRIMARY KEY (`id`),
  ADD KEY `escort_activity_id` (`escort_activity_id`);

--
-- Indexes for table `planned_private_activities`
--
ALTER TABLE `planned_private_activities`
  ADD PRIMARY KEY (`id`),
  ADD KEY `private_activity_id` (`private_activity_id`);

--
-- Indexes for table `planned_public_activities`
--
ALTER TABLE `planned_public_activities`
  ADD PRIMARY KEY (`id`);

--
-- Indexes for table `products`
--
ALTER TABLE `products`
  ADD PRIMARY KEY (`id`),
  ADD KEY `photo_id` (`photo_id`);

--
-- Indexes for table `proficiency_language`
--
ALTER TABLE `proficiency_language`
  ADD PRIMARY KEY (`id`);

--
-- Indexes for table `requests`
--
ALTER TABLE `requests`
  ADD PRIMARY KEY (`id`),
  ADD KEY `from_user_id` (`from_user_id`),
  ADD KEY `to_user_id` (`to_user_id`);

--
-- Indexes for table `requests_escort`
--
ALTER TABLE `requests_escort`
  ADD PRIMARY KEY (`id`);

--
-- Indexes for table `requests_private`
--
ALTER TABLE `requests_private`
  ADD PRIMARY KEY (`id`);

--
-- Indexes for table `settings`
--
ALTER TABLE `settings`
  ADD PRIMARY KEY (`id`);

--
-- Indexes for table `social_media`
--
ALTER TABLE `social_media`
  ADD PRIMARY KEY (`id`);

--
-- Indexes for table `tmp_users_mails`
--
ALTER TABLE `tmp_users_mails`
  ADD PRIMARY KEY (`id`),
  ADD KEY `user_id` (`user_id`);

--
-- Indexes for table `tokens`
--
ALTER TABLE `tokens`
  ADD PRIMARY KEY (`id`),
  ADD KEY `product_id` (`product_id`);

--
-- Indexes for table `tokens_withdraws`
--
ALTER TABLE `tokens_withdraws`
  ADD PRIMARY KEY (`id`),
  ADD KEY `user_id` (`user_id`);

--
-- Indexes for table `transmissions`
--
ALTER TABLE `transmissions`
  ADD PRIMARY KEY (`id`),
  ADD KEY `user_id` (`user_id`),
  ADD KEY `planned_activity_id` (`planned_activity_id`);

--
-- Indexes for table `transmission_activity_progress`
--
ALTER TABLE `transmission_activity_progress`
  ADD PRIMARY KEY (`id`);

--
-- Indexes for table `transmission_progress_details_public_dosth`
--
ALTER TABLE `transmission_progress_details_public_dosth`
  ADD PRIMARY KEY (`id`);

--
-- Indexes for table `transmission_progress_details_public_vote`
--
ALTER TABLE `transmission_progress_details_public_vote`
  ADD PRIMARY KEY (`id`);

--
-- Indexes for table `transmission_tips`
--
ALTER TABLE `transmission_tips`
  ADD PRIMARY KEY (`id`),
  ADD KEY `transmision_id` (`transmision_id`),
  ADD KEY `user_id` (`user_id`);

--
-- Indexes for table `users`
--
ALTER TABLE `users`
  ADD PRIMARY KEY (`id`);

--
-- Indexes for table `users_to_categories`
--
ALTER TABLE `users_to_categories`
  ADD PRIMARY KEY (`id`),
  ADD KEY `category_id` (`category_id`),
  ADD KEY `user_id` (`user_id`);

--
-- Indexes for table `user_model_activity_escort_prices`
--
ALTER TABLE `user_model_activity_escort_prices`
  ADD PRIMARY KEY (`id`),
  ADD KEY `user_id` (`user_id`);

--
-- Indexes for table `user_model_activity_private_prices`
--
ALTER TABLE `user_model_activity_private_prices`
  ADD PRIMARY KEY (`id`),
  ADD KEY `user_id` (`user_id`);

--
-- Indexes for table `user_model_activity_public_dosth_prices`
--
ALTER TABLE `user_model_activity_public_dosth_prices`
  ADD PRIMARY KEY (`id`),
  ADD KEY `user_id` (`user_id`);

--
-- Indexes for table `user_model_activity_public_vote_prices`
--
ALTER TABLE `user_model_activity_public_vote_prices`
  ADD PRIMARY KEY (`id`),
  ADD KEY `user_id` (`user_id`);

--
-- Indexes for table `user_model_availability`
--
ALTER TABLE `user_model_availability`
  ADD PRIMARY KEY (`id`),
  ADD KEY `user_id` (`user_id`);

--
-- Indexes for table `user_model_info`
--
ALTER TABLE `user_model_info`
  ADD PRIMARY KEY (`id`),
  ADD KEY `coverPhoto` (`coverPhoto`),
  ADD KEY `user_model_info_ibfk_2` (`user_id`);

--
-- Indexes for table `user_model_languages`
--
ALTER TABLE `user_model_languages`
  ADD PRIMARY KEY (`id`),
  ADD KEY `user_id` (`user_id`),
  ADD KEY `id_proficiency_language` (`id_proficiency_language`);

--
-- Indexes for table `user_model_services_location`
--
ALTER TABLE `user_model_services_location`
  ADD PRIMARY KEY (`id`),
  ADD KEY `user_id` (`user_id`);

--
-- Indexes for table `user_notifications_settings`
--
ALTER TABLE `user_notifications_settings`
  ADD PRIMARY KEY (`id`),
  ADD KEY `user_id` (`user_id`);

--
-- Indexes for table `user_products`
--
ALTER TABLE `user_products`
  ADD PRIMARY KEY (`id`),
  ADD KEY `product_id` (`product_id`),
  ADD KEY `user_id` (`user_id`);

--
-- Indexes for table `user_standard_info`
--
ALTER TABLE `user_standard_info`
  ADD PRIMARY KEY (`id`),
  ADD KEY `user_id` (`user_id`);

--
-- Indexes for table `user_wishlist`
--
ALTER TABLE `user_wishlist`
  ADD PRIMARY KEY (`id`),
  ADD KEY `product_id` (`product_id`),
  ADD KEY `user_wishlist_ibfk_1` (`user_id`);

--
-- Indexes for table `videos`
--
ALTER TABLE `videos`
  ADD PRIMARY KEY (`id`);

--
-- Indexes for table `videos_to_user`
--
ALTER TABLE `videos_to_user`
  ADD PRIMARY KEY (`id`),
  ADD KEY `user_id` (`user_id`),
  ADD KEY `video_id` (`video_id`);

--
-- Indexes for table `visites_profiles`
--
ALTER TABLE `visites_profiles`
  ADD PRIMARY KEY (`id`),
  ADD KEY `visited_id` (`visited_id`),
  ADD KEY `visites_profiles_ibfk_1` (`visitor_id`);

--
-- AUTO_INCREMENT for dumped tables
--

--
-- AUTO_INCREMENT dla tabeli `blogs`
--
ALTER TABLE `blogs`
  MODIFY `id` int(11) NOT NULL AUTO_INCREMENT;
--
-- AUTO_INCREMENT dla tabeli `categories`
--
ALTER TABLE `categories`
  MODIFY `id` int(11) NOT NULL AUTO_INCREMENT, AUTO_INCREMENT=33;
--
-- AUTO_INCREMENT dla tabeli `categories_info`
--
ALTER TABLE `categories_info`
  MODIFY `id` int(11) NOT NULL AUTO_INCREMENT, AUTO_INCREMENT=65;
--
-- AUTO_INCREMENT dla tabeli `cms`
--
ALTER TABLE `cms`
  MODIFY `id` int(11) NOT NULL AUTO_INCREMENT, AUTO_INCREMENT=8;
--
-- AUTO_INCREMENT dla tabeli `cms_info`
--
ALTER TABLE `cms_info`
  MODIFY `id` int(11) NOT NULL AUTO_INCREMENT, AUTO_INCREMENT=15;
--
-- AUTO_INCREMENT dla tabeli `countries`
--
ALTER TABLE `countries`
  MODIFY `id` int(11) NOT NULL AUTO_INCREMENT, AUTO_INCREMENT=240;
--
-- AUTO_INCREMENT dla tabeli `customers`
--
ALTER TABLE `customers`
  MODIFY `id` int(11) NOT NULL AUTO_INCREMENT;
--
-- AUTO_INCREMENT dla tabeli `follows`
--
ALTER TABLE `follows`
  MODIFY `id` int(11) NOT NULL AUTO_INCREMENT;
--
-- AUTO_INCREMENT dla tabeli `gifts`
--
ALTER TABLE `gifts`
  MODIFY `id` int(11) NOT NULL AUTO_INCREMENT;
--
-- AUTO_INCREMENT dla tabeli `gift_file`
--
ALTER TABLE `gift_file`
  MODIFY `id` int(11) NOT NULL AUTO_INCREMENT;
--
-- AUTO_INCREMENT dla tabeli `gift_product`
--
ALTER TABLE `gift_product`
  MODIFY `id` int(11) NOT NULL AUTO_INCREMENT;
--
-- AUTO_INCREMENT dla tabeli `gift_tokens`
--
ALTER TABLE `gift_tokens`
  MODIFY `id` int(11) NOT NULL AUTO_INCREMENT;
--
-- AUTO_INCREMENT dla tabeli `hear_about`
--
ALTER TABLE `hear_about`
  MODIFY `id` int(11) NOT NULL AUTO_INCREMENT;
--
-- AUTO_INCREMENT dla tabeli `invoice_users_data`
--
ALTER TABLE `invoice_users_data`
  MODIFY `id` int(11) NOT NULL AUTO_INCREMENT;
--
-- AUTO_INCREMENT dla tabeli `languages`
--
ALTER TABLE `languages`
  MODIFY `id` int(11) NOT NULL AUTO_INCREMENT, AUTO_INCREMENT=3;
--
-- AUTO_INCREMENT dla tabeli `memberships`
--
ALTER TABLE `memberships`
  MODIFY `id` int(11) NOT NULL AUTO_INCREMENT;
--
-- AUTO_INCREMENT dla tabeli `messages`
--
ALTER TABLE `messages`
  MODIFY `id` int(11) NOT NULL AUTO_INCREMENT;
--
-- AUTO_INCREMENT dla tabeli `model_recent_activity`
--
ALTER TABLE `model_recent_activity`
  MODIFY `id` int(11) NOT NULL AUTO_INCREMENT;
--
-- AUTO_INCREMENT dla tabeli `notifications`
--
ALTER TABLE `notifications`
  MODIFY `id` int(11) NOT NULL AUTO_INCREMENT;
--
-- AUTO_INCREMENT dla tabeli `notifications_dismiss`
--
ALTER TABLE `notifications_dismiss`
  MODIFY `id` int(11) NOT NULL AUTO_INCREMENT;
--
-- AUTO_INCREMENT dla tabeli `notification_followers`
--
ALTER TABLE `notification_followers`
  MODIFY `id` int(11) NOT NULL AUTO_INCREMENT;
--
-- AUTO_INCREMENT dla tabeli `notification_gift`
--
ALTER TABLE `notification_gift`
  MODIFY `id` int(11) NOT NULL AUTO_INCREMENT;
--
-- AUTO_INCREMENT dla tabeli `notification_message`
--
ALTER TABLE `notification_message`
  MODIFY `id` int(11) NOT NULL AUTO_INCREMENT;
--
-- AUTO_INCREMENT dla tabeli `notification_new_activity`
--
ALTER TABLE `notification_new_activity`
  MODIFY `id` int(11) NOT NULL AUTO_INCREMENT;
--
-- AUTO_INCREMENT dla tabeli `notification_new_blog`
--
ALTER TABLE `notification_new_blog`
  MODIFY `id` int(11) NOT NULL AUTO_INCREMENT;
--
-- AUTO_INCREMENT dla tabeli `notification_new_photo`
--
ALTER TABLE `notification_new_photo`
  MODIFY `id` int(11) NOT NULL AUTO_INCREMENT;
--
-- AUTO_INCREMENT dla tabeli `notification_new_product`
--
ALTER TABLE `notification_new_product`
  MODIFY `id` int(11) NOT NULL AUTO_INCREMENT;
--
-- AUTO_INCREMENT dla tabeli `notification_sold_product`
--
ALTER TABLE `notification_sold_product`
  MODIFY `id` int(11) NOT NULL AUTO_INCREMENT;
--
-- AUTO_INCREMENT dla tabeli `orders`
--
ALTER TABLE `orders`
  MODIFY `id` int(11) NOT NULL AUTO_INCREMENT;
--
-- AUTO_INCREMENT dla tabeli `order_info`
--
ALTER TABLE `order_info`
  MODIFY `id` int(11) NOT NULL AUTO_INCREMENT;
--
-- AUTO_INCREMENT dla tabeli `pageview`
--
ALTER TABLE `pageview`
  MODIFY `id` int(11) NOT NULL AUTO_INCREMENT, AUTO_INCREMENT=1492;
--
-- AUTO_INCREMENT dla tabeli `photos`
--
ALTER TABLE `photos`
  MODIFY `id` int(11) NOT NULL AUTO_INCREMENT, AUTO_INCREMENT=3;
--
-- AUTO_INCREMENT dla tabeli `photos_to_user`
--
ALTER TABLE `photos_to_user`
  MODIFY `id` int(11) NOT NULL AUTO_INCREMENT;
--
-- AUTO_INCREMENT dla tabeli `planned_activities`
--
ALTER TABLE `planned_activities`
  MODIFY `id` int(11) NOT NULL AUTO_INCREMENT;
--
-- AUTO_INCREMENT dla tabeli `planned_activities_to_activity_prices`
--
ALTER TABLE `planned_activities_to_activity_prices`
  MODIFY `id` int(11) NOT NULL AUTO_INCREMENT;
--
-- AUTO_INCREMENT dla tabeli `planned_escort_activities`
--
ALTER TABLE `planned_escort_activities`
  MODIFY `id` int(11) NOT NULL AUTO_INCREMENT;
--
-- AUTO_INCREMENT dla tabeli `planned_private_activities`
--
ALTER TABLE `planned_private_activities`
  MODIFY `id` int(11) NOT NULL AUTO_INCREMENT;
--
-- AUTO_INCREMENT dla tabeli `planned_public_activities`
--
ALTER TABLE `planned_public_activities`
  MODIFY `id` int(11) NOT NULL AUTO_INCREMENT;
--
-- AUTO_INCREMENT dla tabeli `products`
--
ALTER TABLE `products`
  MODIFY `id` int(11) NOT NULL AUTO_INCREMENT, AUTO_INCREMENT=3;
--
-- AUTO_INCREMENT dla tabeli `proficiency_language`
--
ALTER TABLE `proficiency_language`
  MODIFY `id` int(11) NOT NULL AUTO_INCREMENT, AUTO_INCREMENT=5;
--
-- AUTO_INCREMENT dla tabeli `requests`
--
ALTER TABLE `requests`
  MODIFY `id` int(11) NOT NULL AUTO_INCREMENT;
--
-- AUTO_INCREMENT dla tabeli `requests_escort`
--
ALTER TABLE `requests_escort`
  MODIFY `id` int(11) NOT NULL AUTO_INCREMENT;
--
-- AUTO_INCREMENT dla tabeli `requests_private`
--
ALTER TABLE `requests_private`
  MODIFY `id` int(11) NOT NULL AUTO_INCREMENT;
--
-- AUTO_INCREMENT dla tabeli `settings`
--
ALTER TABLE `settings`
  MODIFY `id` int(11) NOT NULL AUTO_INCREMENT, AUTO_INCREMENT=2;
--
-- AUTO_INCREMENT dla tabeli `social_media`
--
ALTER TABLE `social_media`
  MODIFY `id` int(11) NOT NULL AUTO_INCREMENT;
--
-- AUTO_INCREMENT dla tabeli `tmp_users_mails`
--
ALTER TABLE `tmp_users_mails`
  MODIFY `id` int(11) NOT NULL AUTO_INCREMENT;
--
-- AUTO_INCREMENT dla tabeli `tokens`
--
ALTER TABLE `tokens`
  MODIFY `id` int(11) NOT NULL AUTO_INCREMENT;
--
-- AUTO_INCREMENT dla tabeli `tokens_withdraws`
--
ALTER TABLE `tokens_withdraws`
  MODIFY `id` int(11) NOT NULL AUTO_INCREMENT;
--
-- AUTO_INCREMENT dla tabeli `transmissions`
--
ALTER TABLE `transmissions`
  MODIFY `id` int(11) NOT NULL AUTO_INCREMENT;
--
-- AUTO_INCREMENT dla tabeli `transmission_activity_progress`
--
ALTER TABLE `transmission_activity_progress`
  MODIFY `id` int(11) NOT NULL AUTO_INCREMENT;
--
-- AUTO_INCREMENT dla tabeli `transmission_progress_details_public_dosth`
--
ALTER TABLE `transmission_progress_details_public_dosth`
  MODIFY `id` int(11) NOT NULL AUTO_INCREMENT;
--
-- AUTO_INCREMENT dla tabeli `transmission_progress_details_public_vote`
--
ALTER TABLE `transmission_progress_details_public_vote`
  MODIFY `id` int(11) NOT NULL AUTO_INCREMENT;
--
-- AUTO_INCREMENT dla tabeli `transmission_tips`
--
ALTER TABLE `transmission_tips`
  MODIFY `id` int(11) NOT NULL AUTO_INCREMENT;
--
-- AUTO_INCREMENT dla tabeli `users`
--
ALTER TABLE `users`
  MODIFY `id` int(11) NOT NULL AUTO_INCREMENT, AUTO_INCREMENT=2;
--
-- AUTO_INCREMENT dla tabeli `users_to_categories`
--
ALTER TABLE `users_to_categories`
  MODIFY `id` int(11) NOT NULL AUTO_INCREMENT;
--
-- AUTO_INCREMENT dla tabeli `user_model_activity_escort_prices`
--
ALTER TABLE `user_model_activity_escort_prices`
  MODIFY `id` int(11) NOT NULL AUTO_INCREMENT;
--
-- AUTO_INCREMENT dla tabeli `user_model_activity_private_prices`
--
ALTER TABLE `user_model_activity_private_prices`
  MODIFY `id` int(11) NOT NULL AUTO_INCREMENT;
--
-- AUTO_INCREMENT dla tabeli `user_model_activity_public_dosth_prices`
--
ALTER TABLE `user_model_activity_public_dosth_prices`
  MODIFY `id` int(11) NOT NULL AUTO_INCREMENT;
--
-- AUTO_INCREMENT dla tabeli `user_model_activity_public_vote_prices`
--
ALTER TABLE `user_model_activity_public_vote_prices`
  MODIFY `id` int(11) NOT NULL AUTO_INCREMENT;
--
-- AUTO_INCREMENT dla tabeli `user_model_availability`
--
ALTER TABLE `user_model_availability`
  MODIFY `id` int(11) NOT NULL AUTO_INCREMENT;
--
-- AUTO_INCREMENT dla tabeli `user_model_info`
--
ALTER TABLE `user_model_info`
  MODIFY `id` int(11) NOT NULL AUTO_INCREMENT;
--
-- AUTO_INCREMENT dla tabeli `user_model_languages`
--
ALTER TABLE `user_model_languages`
  MODIFY `id` int(11) NOT NULL AUTO_INCREMENT;
--
-- AUTO_INCREMENT dla tabeli `user_model_services_location`
--
ALTER TABLE `user_model_services_location`
  MODIFY `id` int(11) NOT NULL AUTO_INCREMENT;
--
-- AUTO_INCREMENT dla tabeli `user_notifications_settings`
--
ALTER TABLE `user_notifications_settings`
  MODIFY `id` int(11) NOT NULL AUTO_INCREMENT;
--
-- AUTO_INCREMENT dla tabeli `user_products`
--
ALTER TABLE `user_products`
  MODIFY `id` int(11) NOT NULL AUTO_INCREMENT;
--
-- AUTO_INCREMENT dla tabeli `user_standard_info`
--
ALTER TABLE `user_standard_info`
  MODIFY `id` int(11) NOT NULL AUTO_INCREMENT;
--
-- AUTO_INCREMENT dla tabeli `user_wishlist`
--
ALTER TABLE `user_wishlist`
  MODIFY `id` int(11) NOT NULL AUTO_INCREMENT;
--
-- AUTO_INCREMENT dla tabeli `videos`
--
ALTER TABLE `videos`
  MODIFY `id` int(11) NOT NULL AUTO_INCREMENT;
--
-- AUTO_INCREMENT dla tabeli `videos_to_user`
--
ALTER TABLE `videos_to_user`
  MODIFY `id` int(11) NOT NULL AUTO_INCREMENT;
--
-- AUTO_INCREMENT dla tabeli `visites_profiles`
--
ALTER TABLE `visites_profiles`
  MODIFY `id` int(11) NOT NULL AUTO_INCREMENT;
--
-- Ograniczenia dla zrzutów tabel
--

--
-- Ograniczenia dla tabeli `blogs`
--
ALTER TABLE `blogs`
  ADD CONSTRAINT `blogs_ibfk_1` FOREIGN KEY (`user_id`) REFERENCES `customers` (`id`),
  ADD CONSTRAINT `blogs_ibfk_2` FOREIGN KEY (`photo_id`) REFERENCES `photos` (`id`);

--
-- Ograniczenia dla tabeli `categories_info`
--
ALTER TABLE `categories_info`
  ADD CONSTRAINT `categories_info_ibfk_1` FOREIGN KEY (`category_id`) REFERENCES `categories` (`id`);

--
-- Ograniczenia dla tabeli `cms_info`
--
ALTER TABLE `cms_info`
  ADD CONSTRAINT `cms_info_ibfk_1` FOREIGN KEY (`cms_id`) REFERENCES `cms` (`id`);

--
-- Ograniczenia dla tabeli `customers`
--
ALTER TABLE `customers`
  ADD CONSTRAINT `customers_ibfk_1` FOREIGN KEY (`profile_picture`) REFERENCES `photos` (`id`),
  ADD CONSTRAINT `customers_ibfk_2` FOREIGN KEY (`membership`) REFERENCES `memberships` (`id`);

--
-- Ograniczenia dla tabeli `follows`
--
ALTER TABLE `follows`
  ADD CONSTRAINT `follows_ibfk_1` FOREIGN KEY (`follower_id`) REFERENCES `customers` (`id`),
  ADD CONSTRAINT `follows_ibfk_2` FOREIGN KEY (`following_id`) REFERENCES `customers` (`id`);

--
-- Ograniczenia dla tabeli `gifts`
--
ALTER TABLE `gifts`
  ADD CONSTRAINT `gifts_ibfk_1` FOREIGN KEY (`sender_user_id`) REFERENCES `customers` (`id`),
  ADD CONSTRAINT `gifts_ibfk_2` FOREIGN KEY (`receiving_user_id`) REFERENCES `customers` (`id`);

--
-- Ograniczenia dla tabeli `gift_file`
--
ALTER TABLE `gift_file`
  ADD CONSTRAINT `gift_file_ibfk_1` FOREIGN KEY (`gift_id`) REFERENCES `gifts` (`id`);

--
-- Ograniczenia dla tabeli `gift_product`
--
ALTER TABLE `gift_product`
  ADD CONSTRAINT `gift_product_ibfk_1` FOREIGN KEY (`product_id`) REFERENCES `products` (`id`),
  ADD CONSTRAINT `gift_product_ibfk_2` FOREIGN KEY (`gift_id`) REFERENCES `gifts` (`id`);

--
-- Ograniczenia dla tabeli `gift_tokens`
--
ALTER TABLE `gift_tokens`
  ADD CONSTRAINT `gift_tokens_ibfk_1` FOREIGN KEY (`gift_id`) REFERENCES `gifts` (`id`);

--
-- Ograniczenia dla tabeli `hear_about`
--
ALTER TABLE `hear_about`
  ADD CONSTRAINT `hear_about_ibfk_1` FOREIGN KEY (`user_id`) REFERENCES `customers` (`id`);

--
-- Ograniczenia dla tabeli `invoice_users_data`
--
ALTER TABLE `invoice_users_data`
  ADD CONSTRAINT `invoice_users_data_ibfk_1` FOREIGN KEY (`user_id`) REFERENCES `customers` (`id`);

--
-- Ograniczenia dla tabeli `memberships`
--
ALTER TABLE `memberships`
  ADD CONSTRAINT `memberships_ibfk_1` FOREIGN KEY (`user_id`) REFERENCES `customers` (`id`);

--
-- Ograniczenia dla tabeli `messages`
--
ALTER TABLE `messages`
  ADD CONSTRAINT `messages_ibfk_1` FOREIGN KEY (`user_id_from`) REFERENCES `customers` (`id`),
  ADD CONSTRAINT `messages_ibfk_2` FOREIGN KEY (`user_id_to`) REFERENCES `customers` (`id`);

--
-- Ograniczenia dla tabeli `notifications`
--
ALTER TABLE `notifications`
  ADD CONSTRAINT `notifications_ibfk_1` FOREIGN KEY (`user_id`) REFERENCES `customers` (`id`);

--
-- Ograniczenia dla tabeli `notifications_dismiss`
--
ALTER TABLE `notifications_dismiss`
  ADD CONSTRAINT `notifications_dismiss_ibfk_1` FOREIGN KEY (`notification_id`) REFERENCES `notifications` (`id`),
  ADD CONSTRAINT `notifications_dismiss_ibfk_2` FOREIGN KEY (`user_id`) REFERENCES `customers` (`id`);

--
-- Ograniczenia dla tabeli `notification_followers`
--
ALTER TABLE `notification_followers`
  ADD CONSTRAINT `notification_followers_ibfk_1` FOREIGN KEY (`notification_id`) REFERENCES `notifications` (`id`),
  ADD CONSTRAINT `notification_followers_ibfk_2` FOREIGN KEY (`user_id`) REFERENCES `customers` (`id`);

--
-- Ograniczenia dla tabeli `notification_gift`
--
ALTER TABLE `notification_gift`
  ADD CONSTRAINT `notification_gift_ibfk_1` FOREIGN KEY (`notification_id`) REFERENCES `notifications` (`id`),
  ADD CONSTRAINT `notification_gift_ibfk_2` FOREIGN KEY (`user_id`) REFERENCES `customers` (`id`);

--
-- Ograniczenia dla tabeli `notification_message`
--
ALTER TABLE `notification_message`
  ADD CONSTRAINT `notification_message_ibfk_1` FOREIGN KEY (`notification_id`) REFERENCES `notifications` (`id`),
  ADD CONSTRAINT `notification_message_ibfk_2` FOREIGN KEY (`user_id`) REFERENCES `customers` (`id`);

--
-- Ograniczenia dla tabeli `notification_new_activity`
--
ALTER TABLE `notification_new_activity`
  ADD CONSTRAINT `notification_new_activity_ibfk_2` FOREIGN KEY (`notification_id`) REFERENCES `notifications` (`id`);

--
-- Ograniczenia dla tabeli `notification_new_blog`
--
ALTER TABLE `notification_new_blog`
  ADD CONSTRAINT `notification_new_blog_ibfk_2` FOREIGN KEY (`blog_id`) REFERENCES `blogs` (`id`),
  ADD CONSTRAINT `notification_new_blog_ibfk_3` FOREIGN KEY (`notification_id`) REFERENCES `notifications` (`id`);

--
-- Ograniczenia dla tabeli `notification_new_photo`
--
ALTER TABLE `notification_new_photo`
  ADD CONSTRAINT `notification_new_photo_ibfk_2` FOREIGN KEY (`notification_id`) REFERENCES `notifications` (`id`);

--
-- Ograniczenia dla tabeli `notification_new_product`
--
ALTER TABLE `notification_new_product`
  ADD CONSTRAINT `notification_new_product_ibfk_2` FOREIGN KEY (`notification_id`) REFERENCES `notifications` (`id`),
  ADD CONSTRAINT `notification_new_product_ibfk_3` FOREIGN KEY (`product_id`) REFERENCES `products` (`id`);

--
-- Ograniczenia dla tabeli `notification_sold_product`
--
ALTER TABLE `notification_sold_product`
  ADD CONSTRAINT `notification_sold_product_ibfk_1` FOREIGN KEY (`notification_id`) REFERENCES `notifications` (`id`),
  ADD CONSTRAINT `notification_sold_product_ibfk_2` FOREIGN KEY (`product_id`) REFERENCES `products` (`id`),
  ADD CONSTRAINT `notification_sold_product_ibfk_3` FOREIGN KEY (`user_id`) REFERENCES `customers` (`id`);

--
-- Ograniczenia dla tabeli `orders`
--
ALTER TABLE `orders`
  ADD CONSTRAINT `orders_ibfk_1` FOREIGN KEY (`user_id`) REFERENCES `customers` (`id`);

--
-- Ograniczenia dla tabeli `order_info`
--
ALTER TABLE `order_info`
  ADD CONSTRAINT `order_info_ibfk_1` FOREIGN KEY (`order_id`) REFERENCES `orders` (`id`),
  ADD CONSTRAINT `order_info_ibfk_2` FOREIGN KEY (`product_id`) REFERENCES `products` (`id`);

--
-- Ograniczenia dla tabeli `planned_activities`
--
ALTER TABLE `planned_activities`
  ADD CONSTRAINT `planned_activities_ibfk_1` FOREIGN KEY (`user_id`) REFERENCES `customers` (`id`),
  ADD CONSTRAINT `planned_activities_ibfk_2` FOREIGN KEY (`invited_user_id`) REFERENCES `customers` (`id`),
  ADD CONSTRAINT `planned_activities_ibfk_3` FOREIGN KEY (`request_id`) REFERENCES `requests` (`id`);

--
-- Ograniczenia dla tabeli `planned_activities_to_activity_prices`
--
ALTER TABLE `planned_activities_to_activity_prices`
  ADD CONSTRAINT `planned_activities_to_activity_prices_ibfk_1` FOREIGN KEY (`planned_activity_id`) REFERENCES `planned_activities` (`id`),
  ADD CONSTRAINT `planned_activities_to_activity_prices_ibfk_2` FOREIGN KEY (`escort_id`) REFERENCES `user_model_activity_escort_prices` (`id`),
  ADD CONSTRAINT `planned_activities_to_activity_prices_ibfk_3` FOREIGN KEY (`private_id`) REFERENCES `user_model_activity_private_prices` (`id`),
  ADD CONSTRAINT `planned_activities_to_activity_prices_ibfk_4` FOREIGN KEY (`public_dosth_id`) REFERENCES `user_model_activity_public_dosth_prices` (`id`),
  ADD CONSTRAINT `planned_activities_to_activity_prices_ibfk_5` FOREIGN KEY (`public_vote_id`) REFERENCES `user_model_activity_public_vote_prices` (`id`);

--
-- Ograniczenia dla tabeli `planned_escort_activities`
--
ALTER TABLE `planned_escort_activities`
  ADD CONSTRAINT `planned_escort_activities_ibfk_2` FOREIGN KEY (`escort_activity_id`) REFERENCES `user_model_activity_escort_prices` (`id`);

--
-- Ograniczenia dla tabeli `planned_private_activities`
--
ALTER TABLE `planned_private_activities`
  ADD CONSTRAINT `planned_private_activities_ibfk_2` FOREIGN KEY (`private_activity_id`) REFERENCES `user_model_activity_private_prices` (`id`);

--
-- Ograniczenia dla tabeli `products`
--
ALTER TABLE `products`
  ADD CONSTRAINT `products_ibfk_1` FOREIGN KEY (`photo_id`) REFERENCES `photos` (`id`);

--
-- Ograniczenia dla tabeli `requests`
--
ALTER TABLE `requests`
  ADD CONSTRAINT `requests_ibfk_1` FOREIGN KEY (`from_user_id`) REFERENCES `customers` (`id`),
  ADD CONSTRAINT `requests_ibfk_2` FOREIGN KEY (`to_user_id`) REFERENCES `customers` (`id`);

--
-- Ograniczenia dla tabeli `tmp_users_mails`
--
ALTER TABLE `tmp_users_mails`
  ADD CONSTRAINT `tmp_users_mails_ibfk_1` FOREIGN KEY (`user_id`) REFERENCES `customers` (`id`);

--
-- Ograniczenia dla tabeli `tokens`
--
ALTER TABLE `tokens`
  ADD CONSTRAINT `tokens_ibfk_1` FOREIGN KEY (`product_id`) REFERENCES `products` (`id`);

--
-- Ograniczenia dla tabeli `tokens_withdraws`
--
ALTER TABLE `tokens_withdraws`
  ADD CONSTRAINT `tokens_withdraws_ibfk_1` FOREIGN KEY (`user_id`) REFERENCES `customers` (`id`);

--
-- Ograniczenia dla tabeli `transmissions`
--
ALTER TABLE `transmissions`
  ADD CONSTRAINT `transmissions_ibfk_1` FOREIGN KEY (`user_id`) REFERENCES `customers` (`id`);

--
-- Ograniczenia dla tabeli `transmission_tips`
--
ALTER TABLE `transmission_tips`
  ADD CONSTRAINT `transmission_tips_ibfk_1` FOREIGN KEY (`transmision_id`) REFERENCES `transmissions` (`id`),
  ADD CONSTRAINT `transmission_tips_ibfk_2` FOREIGN KEY (`user_id`) REFERENCES `customers` (`id`);

--
-- Ograniczenia dla tabeli `users_to_categories`
--
ALTER TABLE `users_to_categories`
  ADD CONSTRAINT `users_to_categories_ibfk_1` FOREIGN KEY (`category_id`) REFERENCES `categories` (`id`),
  ADD CONSTRAINT `users_to_categories_ibfk_2` FOREIGN KEY (`user_id`) REFERENCES `customers` (`id`);

--
-- Ograniczenia dla tabeli `user_model_activity_escort_prices`
--
ALTER TABLE `user_model_activity_escort_prices`
  ADD CONSTRAINT `user_model_activity_escort_prices_ibfk_1` FOREIGN KEY (`user_id`) REFERENCES `customers` (`id`);

--
-- Ograniczenia dla tabeli `user_model_activity_private_prices`
--
ALTER TABLE `user_model_activity_private_prices`
  ADD CONSTRAINT `user_model_activity_private_prices_ibfk_1` FOREIGN KEY (`user_id`) REFERENCES `customers` (`id`);

--
-- Ograniczenia dla tabeli `user_model_activity_public_dosth_prices`
--
ALTER TABLE `user_model_activity_public_dosth_prices`
  ADD CONSTRAINT `user_model_activity_public_dosth_prices_ibfk_1` FOREIGN KEY (`user_id`) REFERENCES `customers` (`id`);

--
-- Ograniczenia dla tabeli `user_model_activity_public_vote_prices`
--
ALTER TABLE `user_model_activity_public_vote_prices`
  ADD CONSTRAINT `user_model_activity_public_vote_prices_ibfk_1` FOREIGN KEY (`user_id`) REFERENCES `customers` (`id`);

--
-- Ograniczenia dla tabeli `user_model_availability`
--
ALTER TABLE `user_model_availability`
  ADD CONSTRAINT `user_model_availability_ibfk_1` FOREIGN KEY (`user_id`) REFERENCES `customers` (`id`);

--
-- Ograniczenia dla tabeli `user_model_info`
--
ALTER TABLE `user_model_info`
  ADD CONSTRAINT `user_model_info_ibfk_1` FOREIGN KEY (`coverPhoto`) REFERENCES `photos` (`id`),
  ADD CONSTRAINT `user_model_info_ibfk_2` FOREIGN KEY (`user_id`) REFERENCES `customers` (`id`);

--
-- Ograniczenia dla tabeli `user_model_languages`
--
ALTER TABLE `user_model_languages`
  ADD CONSTRAINT `user_model_languages_ibfk_2` FOREIGN KEY (`user_id`) REFERENCES `customers` (`id`),
  ADD CONSTRAINT `user_model_languages_ibfk_3` FOREIGN KEY (`id_proficiency_language`) REFERENCES `proficiency_language` (`id`);

--
-- Ograniczenia dla tabeli `user_model_services_location`
--
ALTER TABLE `user_model_services_location`
  ADD CONSTRAINT `user_model_services_location_ibfk_1` FOREIGN KEY (`user_id`) REFERENCES `customers` (`id`);

--
-- Ograniczenia dla tabeli `user_notifications_settings`
--
ALTER TABLE `user_notifications_settings`
  ADD CONSTRAINT `user_notifications_settings_ibfk_1` FOREIGN KEY (`user_id`) REFERENCES `customers` (`id`);

--
-- Ograniczenia dla tabeli `user_products`
--
ALTER TABLE `user_products`
  ADD CONSTRAINT `user_products_ibfk_1` FOREIGN KEY (`product_id`) REFERENCES `products` (`id`),
  ADD CONSTRAINT `user_products_ibfk_2` FOREIGN KEY (`user_id`) REFERENCES `customers` (`id`);

--
-- Ograniczenia dla tabeli `user_standard_info`
--
ALTER TABLE `user_standard_info`
  ADD CONSTRAINT `user_standard_info_ibfk_1` FOREIGN KEY (`user_id`) REFERENCES `customers` (`id`);

--
-- Ograniczenia dla tabeli `user_wishlist`
--
ALTER TABLE `user_wishlist`
  ADD CONSTRAINT `user_wishlist_ibfk_1` FOREIGN KEY (`user_id`) REFERENCES `customers` (`id`),
  ADD CONSTRAINT `user_wishlist_ibfk_2` FOREIGN KEY (`product_id`) REFERENCES `products` (`id`);

--
-- Ograniczenia dla tabeli `videos_to_user`
--
ALTER TABLE `videos_to_user`
  ADD CONSTRAINT `videos_to_user_ibfk_1` FOREIGN KEY (`user_id`) REFERENCES `customers` (`id`),
  ADD CONSTRAINT `videos_to_user_ibfk_2` FOREIGN KEY (`video_id`) REFERENCES `videos` (`id`);

--
-- Ograniczenia dla tabeli `visites_profiles`
--
ALTER TABLE `visites_profiles`
  ADD CONSTRAINT `visites_profiles_ibfk_1` FOREIGN KEY (`visitor_id`) REFERENCES `customers` (`id`),
  ADD CONSTRAINT `visites_profiles_ibfk_2` FOREIGN KEY (`visited_id`) REFERENCES `customers` (`id`);

/*!40101 SET CHARACTER_SET_CLIENT=@OLD_CHARACTER_SET_CLIENT */;
/*!40101 SET CHARACTER_SET_RESULTS=@OLD_CHARACTER_SET_RESULTS */;
/*!40101 SET COLLATION_CONNECTION=@OLD_COLLATION_CONNECTION */;
